zf4487f8e61ad11e0bea1,35
zf4487f8e61ad11e0bea1,74
z9a8e9ba0605611e2a19e,13
z9a8e9ba0605611e2a19e,17
z9a8e9ba0605611e2a19e,14
z311801efbfbd111211ef,69
z311801efbfbd111211ef,13
z311801efbfbd111211ef,48
z2d8eaf95763011e6bdbb,35
z2d8eaf95763011e6bdbb,14
zefbfbd38552e4b2b11ef,35
zefbfbd38552e4b2b11ef,14
zefbfbd38552e4b2b11ef,3
zcc0026e0962411de83b1,35
zcc0026e0962411de83b1,17
z3aeb369ebe7311e0a046,35
z3aeb369ebe7311e0a046,74
zcc003400962411de83b1,34
zcc003400962411de83b1,13
zcc003400962411de83b1,14
za7c275ecd7b411e1a19e,35
za7c275ecd7b411e1a19e,3
zcc001f06962411de83b1,42
zcc001f06962411de83b1,29
zcc001f06962411de83b1,48
zefbfbd78efbfbd6749ef,29
zefbfbd78efbfbd6749ef,14
zefbfbd78efbfbd6749ef,48
zefbfbd4f6cefbfbdefbf,35
zefbfbd4f6cefbfbdefbf,14
ze1f23322845b11e5b692,13
ze1f23322845b11e5b692,48
z8b600969a0ac47b39f5c,59
z8b600969a0ac47b39f5c,52
z8b600969a0ac47b39f5c,48
zcc0071f4962411de83b1,13
zcc0071f4962411de83b1,56
zcc0071f4962411de83b1,58
ze4047dd2cecf11e5a080,41
ze4047dd2cecf11e5a080,30
ze4047dd2cecf11e5a080,69
zefbfbd2a4eefbfbdefbf,13
zefbfbd2a4eefbfbdefbf,14
z63ddfc20dcae11e299f6,35
z63ddfc20dcae11e299f6,3
zba01dad6dfe111e38b3f,35
zcc004076962411de83b1,59
zcc004076962411de83b1,13
zcc004076962411de83b1,48
ze4c5befee10111e5b432,17
ze4c5befee10111e5b432,14
zefbfbdefbfbd1cefbfbd,35
z33ec6ce8dea611e58bfb,13
z33ec6ce8dea611e58bfb,14
zd92e615ce4d211e5a080,35
zd92e615ce4d211e5a080,3
zcc008d1a962411de83b1,35
zcc008d1a962411de83b1,3
z3669bae21b1b11e5b5ce,61
z3669bae21b1b11e5b5ce,30
z3669bae21b1b11e5b5ce,14
zac7aa5ac182511e3b8b7,35
zac7aa5ac182511e3b8b7,3
zac920eb0d7b511e1b356,35
zac920eb0d7b511e1b356,13
zac920eb0d7b511e1b356,57
z5269ac8e837a11e1a19e,35
z5269ac8e837a11e1a19e,13
z5269ac8e837a11e1a19e,48
zebec7f5256cc11e0a046,35
z6b45aa39814e11e6b16e,68
z6b45aa39814e11e6b16e,59
z605cba7c43ce11e4a080,35
z0331ffaad77111e5b32f,14
z0331ffaad77111e5b32f,48
zeb74c3f2df4111e4b432,35
zfafcfc78ef1c11e4b2ad,35
zfafcfc78ef1c11e4b2ad,52
z085a6fa0a9de11e59e2a,35
z085a6fa0a9de11e59e2a,14
zfd5f325261ad11e0bea1,59
zfd5f325261ad11e0bea1,13
zfd5f325261ad11e0bea1,48
z0b39c5b6569311e5b2ad,42
z0b39c5b6569311e5b2ad,14
z0b39c5b6569311e5b2ad,48
z8591ae7e294511e296ac,35
z8591ae7e294511e296ac,52
zd9b95f5965b111e69c81,35
zd9b95f5965b111e69c81,14
za126040fa04d4892a8d5,53
za126040fa04d4892a8d5,42
za126040fa04d4892a8d5,48
z13cd69d643ce11e4b432,35
z22b37f91d1254de182a1,41
z22b37f91d1254de182a1,35
z32efbfbd14efbfbdd8a5,35
z32efbfbd14efbfbdd8a5,14
z70cd4334278211e097c0,53
z70cd4334278211e097c0,42
z70cd4334278211e097c0,57
zd48bb797edf94e7faf77,30
zd48bb797edf94e7faf77,14
z666b6b8876cd11e5b432,68
z666b6b8876cd11e5b432,59
z666b6b8876cd11e5b432,57
zcc004404962411de83b1,35
zcc004404962411de83b1,13
zcc004404962411de83b1,57
zcc0040f8962411de83b1,59
zcc0040f8962411de83b1,13
zcc0040f8962411de83b1,48
zcc006d26962411de83b1,61
zcc006d26962411de83b1,35
zcc006d26962411de83b1,73
zc002c6dc05cf11e683e8,35
za89b558cb12211e6bdbb,13
za89b558cb12211e6bdbb,57
za89b558cb12211e6bdbb,48
z1ae4009025fa11e59e2a,35
z1ae4009025fa11e59e2a,13
z1ae4009025fa11e59e2a,57
zefbfbd7a6a7070efbfbd,59
zefbfbd7a6a7070efbfbd,13
zefbfbd7a6a7070efbfbd,48
zcc004882962411de83b1,59
zcc004882962411de83b1,13
zcc004882962411de83b1,57
zcc004882962411de83b1,48
zd29b1a642f9611e2b2ac,68
zd29b1a642f9611e2b2ac,41
zd29b1a642f9611e2b2ac,69
zefbfbd25efbfbd23efbf,29
zefbfbd25efbfbd23efbf,14
zefbfbd25efbfbd23efbf,48
zae10e7c444fc11e3a705,68
zae10e7c444fc11e3a705,41
zae10e7c444fc11e3a705,48
z2ca747ce0b8711e6b432,53
z2ca747ce0b8711e6b432,42
z2ca747ce0b8711e6b432,57
zefbfbd542fefbfbdefbf,53
zefbfbd542fefbfbdefbf,42
zefbfbd542fefbfbdefbf,57
z52c7ddc258e311e4b522,35
z52c7ddc258e311e4b522,52
zfa25d4ec61ad11e0bea1,13
zfa25d4ec61ad11e0bea1,17
zfa25d4ec61ad11e0bea1,14
z58efbfbdcfa2263311ef,56
z58efbfbdcfa2263311ef,14
zefbfbd66494e21efbfbd,13
zefbfbd66494e21efbfbd,48
zd227afe2764b11e2a19e,35
zd227afe2764b11e2a19e,13
zeb39ea8661ad11e0bea1,13
zeb39ea8661ad11e0bea1,14
zeb39ea8661ad11e0bea1,48
zca5b9dc41c3f11e3b8b7,59
zca5b9dc41c3f11e3b8b7,13
zca5b9dc41c3f11e3b8b7,48
z59f38fdadf4111e4b2ad,35
zcf863914efbfbdefbfbd,73
zcf863914efbfbdefbfbd,14
zcc004c06962411de83b1,53
zcc004c06962411de83b1,42
zcc004c06962411de83b1,57
z6f6ad9e4e9b411e5b2ad,13
z6f6ad9e4e9b411e5b2ad,48
zefbfbd15efbfbd3f5bef,53
zefbfbd15efbfbd3f5bef,42
zefbfbd15efbfbd3f5bef,14
z7c70122d997a49c7929b,42
z7c70122d997a49c7929b,13
z7c70122d997a49c7929b,48
z6f036eea004c11e1a046,53
z6f036eea004c11e1a046,42
z6f036eea004c11e1a046,57
zdd0badd213bb11e48b3f,35
zdd0badd213bb11e48b3f,13
zdd0badd213bb11e48b3f,14
zefbfbd1b3aefbfbdefbf,68
zefbfbd1b3aefbfbdefbf,13
zefbfbd1b3aefbfbdefbf,48
zc4a86174106211efbfbd,34
zc4a86174106211efbfbd,14
zefbfbd51efbfbd46efbf,35
zefbfbd51efbfbd46efbf,56
zefbfbd51efbfbd46efbf,14
zefbfbd1004efbfbd3478,42
zefbfbd1004efbfbd3478,14
zefbfbd1004efbfbd3478,48
zd79cc8ba652411e1b318,35
zd79cc8ba652411e1b318,13
zd79cc8ba652411e1b318,57
zefbfbd15efbfbd12efbf,29
zefbfbd15efbfbd12efbf,14
zefbfbd15efbfbd12efbf,48
zefbfbd21efbfbd520564,13
zefbfbd21efbfbd520564,48
z2af1daca191c11e4b8b7,13
z2af1daca191c11e4b8b7,17
z2af1daca191c11e4b8b7,14
z315ddbd61e1511e4b2ad,35
zb8085fd56adc438f9372,13
zb8085fd56adc438f9372,14
zb8085fd56adc438f9372,16
z31c53954e34c11e5a2a2,56
z31c53954e34c11e5a2a2,14
zefbfbd4d01efbfbd0749,13
zefbfbd4d01efbfbd0749,17
zefbfbd4d01efbfbd0749,14
z02baa1f0cbcf11e19013,35
z02baa1f0cbcf11e19013,14
zc029310658f011e4b2ad,42
zc029310658f011e4b2ad,29
zc029310658f011e4b2ad,57
z457c1f335aab11e6b9bb,13
z457c1f335aab11e6b9bb,48
zc3d0bdb81adf11e5b5ce,53
zc3d0bdb81adf11e5b5ce,42
zc3d0bdb81adf11e5b5ce,57
z66e31362bf9611de97c0,35
z66e31362bf9611de97c0,3
zefbfbd453fefbfbdefbf,29
zefbfbd453fefbfbdefbf,14
zefbfbd453fefbfbdefbf,48
zcc005534962411de83b1,14
z5e350472efbfbd4511ef,35
z5e350472efbfbd4511ef,3
zccbfc9f0d48911e5b32f,35
z54e5babfefbfbdefbfbd,61
z54e5babfefbfbdefbfbd,73
z54e5babfefbfbdefbfbd,14
z769880b21f5a4ca9ae6b,56
z769880b21f5a4ca9ae6b,14
z769880b21f5a4ca9ae6b,12
zf2dd6baa341811e4a080,41
zf2dd6baa341811e4a080,35
z04fb21b05e2c11e38b3f,35
z04fb21b05e2c11e38b3f,13
z17545d929fb511e4abda,35
z17545d929fb511e4abda,13
z17545d929fb511e4abda,57
zfff7937e61ad11e0bea1,68
zfff7937e61ad11e0bea1,16
zfff7937e61ad11e0bea1,48
z0135845889d111e0a046,61
z1b7c90e0e4df11e59e2a,13
z1b7c90e0e4df11e59e2a,57
z1b7c90e0e4df11e59e2a,14
z08389aa4f56711e0a046,35
z08389aa4f56711e0a046,3
zcc17ee2e962411de83b1,13
zcc17ee2e962411de83b1,17
zcc17ee2e962411de83b1,14
z59cb88dc21f011e4a705,35
z8a4c08b40d5611e4b2ad,53
z8a4c08b40d5611e4b2ad,42
z8a4c08b40d5611e4b2ad,57
z3d9b29023dc711e6b522,41
z3d9b29023dc711e6b522,35
z60f531dbb12b4cc5b369,13
z60f531dbb12b4cc5b369,56
z60f531dbb12b4cc5b369,14
zdbbd5607c5ca11e68ce4,13
zdbbd5607c5ca11e68ce4,57
zdbbd5607c5ca11e68ce4,74
zcc000b60962411de83b1,13
zcc000b60962411de83b1,14
zcc000b60962411de83b1,16
zde94a22224dc11e3b8b7,13
zde94a22224dc11e3b8b7,57
z4eab2aa0ffc711e5b432,53
z4eab2aa0ffc711e5b432,42
z4eab2aa0ffc711e5b432,57
zbdd8bb166b6f11e3a705,35
zbdd8bb166b6f11e3a705,14
z7ffa2bf4465611e5a080,13
z7ffa2bf4465611e5a080,17
z7ffa2bf4465611e5a080,14
z6f9852b2e85211de97c0,56
z6f9852b2e85211de97c0,14
z099ab33d608c443dade9,56
z099ab33d608c443dade9,14
zbe283ac0f59e11e2a705,53
zbe283ac0f59e11e2a705,42
zbe283ac0f59e11e2a705,57
z2111b9cb592b11e6bdbb,35
z2111b9cb592b11e6bdbb,74
ze804a7bc902011e69c81,53
ze804a7bc902011e69c81,42
ze804a7bc902011e69c81,57
z23224ed2f49111e49e2a,35
z3b285e307fb511e19194,13
z3b285e307fb511e19194,48
zd9908b98c4d811e1b2ac,13
zd9908b98c4d811e1b2ac,57
zcc0057e6962411de83b1,1
zcc0057e6962411de83b1,13
zcc0057e6962411de83b1,73
zefbfbd600612efbfbd70,41
zefbfbd600612efbfbd70,69
zefbfbd600612efbfbd70,35
z6517bada989111e5b692,41
z6517bada989111e5b692,30
za4beb2eee9cd11e2b8b7,53
za4beb2eee9cd11e2b8b7,42
za4beb2eee9cd11e2b8b7,57
zcc0083ba962411de83b1,59
zcc0083ba962411de83b1,13
zcc0083ba962411de83b1,73
zaf361582e59c11e5b32f,13
zaf361582e59c11e5b32f,14
zaf361582e59c11e5b32f,48
z8912ef88b12911e6967c,35
z8912ef88b12911e6967c,3
z496870efbfbdefbfbd67,61
z496870efbfbdefbfbd67,57
z496870efbfbdefbfbd67,14
zeebadce421c911e4a705,34
zeebadce421c911e4a705,13
zeebadce421c911e4a705,14
zf2fe360a61ad11e0bea1,53
zf2fe360a61ad11e0bea1,42
zf2fe360a61ad11e0bea1,57
zd687da20fdc711e4abda,35
zd687da20fdc711e4abda,13
zd687da20fdc711e4abda,56
zb75c17c6df5211e49e2a,13
zb75c17c6df5211e49e2a,14
z6b795ea97ee111e6bdbb,35
z6b795ea97ee111e6bdbb,3
z2cc2fb60e4ed11e59e2a,61
z2cc2fb60e4ed11e59e2a,69
zcc006556962411de83b1,59
zcc006556962411de83b1,41
zcc006556962411de83b1,69
zcc008180962411de83b1,35
zcc008180962411de83b1,14
zab8e90de28044c1ba922,61
zab8e90de28044c1ba922,41
zab8e90de28044c1ba922,30
z03981554501b11e38b3f,42
z03981554501b11e38b3f,29
z03981554501b11e38b3f,57
z2b32f3eca62811e6b16e,13
z2b32f3eca62811e6b16e,14
z9c27eb0727f7404ea131,35
z9c27eb0727f7404ea131,14
zf59c8f0661ad11e0bea1,35
ze574b8a0241111e38b3f,35
ze574b8a0241111e38b3f,12
zf261723461ad11e0bea1,53
zf261723461ad11e0bea1,42
zf261723461ad11e0bea1,57
z8a577306b83211e0a046,53
z8a577306b83211e0a046,42
z8a577306b83211e0a046,57
zf2fdd33661ad11e0bea1,53
zf2fdd33661ad11e0bea1,42
zf2fdd33661ad11e0bea1,57
zf9fef8ecf00811e5a080,42
zf9fef8ecf00811e5a080,14
zf9fef8ecf00811e5a080,48
zc0b9aa5a329311e19498,61
zc0b9aa5a329311e19498,35
zc0b9aa5a329311e19498,73
zdfc93fc7852411e6bdbb,68
zdfc93fc7852411e6bdbb,59
z04b26ec8f0de11e1b52a,30
z04b26ec8f0de11e1b52a,56
z04b26ec8f0de11e1b52a,14
z105b2befbfbd09efbfbd,61
z105b2befbfbd09efbfbd,69
z105b2befbfbd09efbfbd,14
zcc000642962411de83b1,41
zcc000642962411de83b1,30
zcc000642962411de83b1,35
ze0ead7cec99511e1b356,35
zcc002e92962411de83b1,13
zcc002e92962411de83b1,56
zcc002e92962411de83b1,48
z54efbfbd170170efbfbd,59
z54efbfbd170170efbfbd,42
z54efbfbd170170efbfbd,14
z3413f31b97c24d99a0f6,13
z3413f31b97c24d99a0f6,58
z3413f31b97c24d99a0f6,14
zc83a490ca21511e4b522,13
zc83a490ca21511e4b522,29
zc83a490ca21511e4b522,48
za81ab3d291bb11e5b432,53
za81ab3d291bb11e5b432,12
zb09a3a1a862d11e296ac,57
zb09a3a1a862d11e296ac,14
zb09a3a1a862d11e296ac,40
ze5894f40e3ca11e29748,68
ze5894f40e3ca11e29748,59
ze5894f40e3ca11e29748,48
z5e2904d24d9911e6b32f,53
z5e2904d24d9911e6b32f,42
z5e2904d24d9911e6b32f,57
z76efbfbd27efbfbdefbf,13
z76efbfbd27efbfbdefbf,14
z40efbfbd095b75efbfbd,32
z40efbfbd095b75efbfbd,57
z40efbfbd095b75efbfbd,14
zce8279b89e4211e0a046,13
zce8279b89e4211e0a046,57
zce8279b89e4211e0a046,14
zb38198c8a87f11e5a080,35
zb38198c8a87f11e5a080,13
zb38198c8a87f11e5a080,56
z249bdf53795911e6b16e,41
z249bdf53795911e6b16e,30
z249bdf53795911e6b16e,21
z9d5d4bd8e4d311e5b2ad,35
zefbfbd33076cefbfbd16,41
zefbfbd33076cefbfbd16,14
zefbfbdd6a653efbfbd19,61
zefbfbdd6a653efbfbd19,73
zdbcb5cfaefde11e5b32f,35
zdbcb5cfaefde11e5b32f,48
zcc004bd4962411de83b1,17
zcc004bd4962411de83b1,14
zcc004bd4962411de83b1,36
zcc004bd4962411de83b1,52
zb5d158babb9c11de97c0,35
zb5d158babb9c11de97c0,13
zb5d158babb9c11de97c0,56
z08b5b5f6e42e11e5a080,13
z08b5b5f6e42e11e5a080,56
z08b5b5f6e42e11e5a080,14
zcc008ca2962411de83b1,61
zcc008ca2962411de83b1,30
zcc008ca2962411de83b1,16
zefbfbdefbfbd13efbfbd,35
zefbfbdefbfbd13efbfbd,13
zefbfbdefbfbd13efbfbd,14
zefbfbdc799c8937211e7,41
zefbfbdc799c8937211e7,69
zefbfbdc799c8937211e7,35
zcc002ad2962411de83b1,59
zcc002ad2962411de83b1,69
zcc002ad2962411de83b1,48
zc935c2c6835d11e5b692,35
zc935c2c6835d11e5b692,52
zf2ff79f261ad11e0bea1,53
zf2ff79f261ad11e0bea1,42
zf2ff79f261ad11e0bea1,57
zf264263261ad11e0bea1,53
zf264263261ad11e0bea1,42
zf264263261ad11e0bea1,57
zf787f84661ad11e0bea1,68
zf787f84661ad11e0bea1,69
zf787f84661ad11e0bea1,48
z6496ffca006111e1a046,53
z6496ffca006111e1a046,42
z6496ffca006111e1a046,57
z947d8a9ce78611de97c0,13
z947d8a9ce78611de97c0,56
z947d8a9ce78611de97c0,48
zdf1c1174ab7611e2be40,35
zdf1c1174ab7611e2be40,56
zdf1c1174ab7611e2be40,16
z31f74176f97011e0a046,53
z31f74176f97011e0a046,13
z31f74176f97011e0a046,48
zb4f7b40c3f1b11e1b356,14
zb4f7b40c3f1b11e1b356,16
z686a634078cb11e6b16e,61
z686a634078cb11e6b16e,41
z686a634078cb11e6b16e,30
z4d028dc407e411e48b3f,68
z4d028dc407e411e48b3f,59
z4d028dc407e411e48b3f,48
z576c3935efbfbd7811e6,41
z576c3935efbfbd7811e6,13
z576c3935efbfbd7811e6,14
zff4d5b9861ad11e0bea1,13
zff4d5b9861ad11e0bea1,56
zff4d5b9861ad11e0bea1,48
zfcbec78661ad11e0bea1,30
zfcbec78661ad11e0bea1,35
z541fefbfbd6e78efbfbd,29
z541fefbfbd6e78efbfbd,14
z541fefbfbd6e78efbfbd,48
ze7b6f228972211e0a046,35
ze7b6f228972211e0a046,74
zdd7e6c3ac4dc11e19013,53
zdd7e6c3ac4dc11e19013,42
zdd7e6c3ac4dc11e19013,57
z028d1d1aca8911de97c0,42
z028d1d1aca8911de97c0,13
z028d1d1aca8911de97c0,73
z16efbfbd6defbfbd066d,35
z16efbfbd6defbfbd066d,56
z33de35a5304245fc8333,41
z33de35a5304245fc8333,30
zefbfbdefbfbd025b7b44,56
zefbfbdefbfbd025b7b44,14
zefbfbdefbfbd0e4aefbf,32
zefbfbdefbfbd0e4aefbf,57
zefbfbdefbfbd0e4aefbf,14
z76fc53cca81f11df97c0,56
z76fc53cca81f11df97c0,14
z1651b68e030211e38b3f,59
z1651b68e030211e38b3f,13
z1651b68e030211e38b3f,57
z48ad35ce2c5611e196ac,57
z48ad35ce2c5611e196ac,14
z48ad35ce2c5611e196ac,40
z51efbfbd1e32653711ef,53
z51efbfbd1e32653711ef,42
z51efbfbd1e32653711ef,57
z5daf86e07a8a11e4b2ad,14
z5daf86e07a8a11e4b2ad,16
z0a90146c4c1811e38b3f,68
z0a90146c4c1811e38b3f,59
zcc005a70962411de83b1,68
zcc005a70962411de83b1,42
zcc005a70962411de83b1,14
zcc005a70962411de83b1,48
zefbfbd7500efbfbdefbf,12
zefbfbd7500efbfbdefbf,74
z8cc9553c560d11e5b432,68
z8cc9553c560d11e5b432,59
z4436235f07efbfbd11e8,56
z4436235f07efbfbd11e8,14
z4436235f07efbfbd11e8,12
zefbfbd79e890a34511ef,69
zefbfbd79e890a34511ef,13
zefbfbd79e890a34511ef,57
zefbfbd7e1cefbfbd0fef,56
zefbfbd7e1cefbfbd0fef,14
zefbfbd7e1cefbfbd0fef,12
zee81314eadd511e5be16,13
zee81314eadd511e5be16,14
z94b79a0af68811e3b8b7,61
z94b79a0af68811e3b8b7,69
zdeefd7280a7b11e1a046,68
zdeefd7280a7b11e1a046,59
zdeefd7280a7b11e1a046,48
z778f5844ff7f11e0a046,53
z778f5844ff7f11e0a046,40
z778f5844ff7f11e0a046,48
zdde1b9beb26211e3b8b7,41
zdde1b9beb26211e3b8b7,35
zcc0061c8962411de83b1,42
zcc0061c8962411de83b1,13
zcc0061c8962411de83b1,48
z45f2dce0b8f611e0a046,53
z45f2dce0b8f611e0a046,42
z45f2dce0b8f611e0a046,57
z4ec57230592b11e6b32f,35
z4ec57230592b11e6b32f,74
zf8da154461ad11e0bea1,41
zf8da154461ad11e0bea1,30
zf8da154461ad11e0bea1,35
z9e95a1b0cf4d11e2a19e,68
z9e95a1b0cf4d11e2a19e,69
z9e95a1b0cf4d11e2a19e,14
zec6789babd2f11e6bdbb,42
zec6789babd2f11e6bdbb,30
zf3d4778ac91911e29498,14
zf3d4778ac91911e29498,16
z033b8b22863111e2b16f,61
z033b8b22863111e2b16f,14
zefbfbd6e74efbfbd355c,35
zefbfbd6e74efbfbd355c,14
z65efbfbdefbfbd4defbf,12
z65efbfbdefbfbd4defbf,74
z621bbf00839811e19498,57
z621bbf00839811e19498,40
z9b7ecaec5ad111e296ac,32
z9b7ecaec5ad111e296ac,57
z9b7ecaec5ad111e296ac,14
zf2ffdb4a61ad11e0bea1,53
zf2ffdb4a61ad11e0bea1,42
zf2ffdb4a61ad11e0bea1,57
z2c1e303055f011e5a080,57
z2c1e303055f011e5a080,14
z2c1e303055f011e5a080,40
zebe0b09661ad11e0bea1,68
zebe0b09661ad11e0bea1,13
zebe0b09661ad11e0bea1,48
zcc0043b4962411de83b1,57
zcc0043b4962411de83b1,14
zcc0043b4962411de83b1,40
z8427e41cf89611e0a046,53
z8427e41cf89611e0a046,42
z8427e41cf89611e0a046,57
za60859e205c911e5b5ce,12
z4b24731c362c11e3b8b7,41
z4b24731c362c11e3b8b7,57
ze80207ea61ad11e0bea1,35
ze80207ea61ad11e0bea1,13
ze80207ea61ad11e0bea1,56
ze6c6f708630a11e3b8b7,42
ze6c6f708630a11e3b8b7,14
z4d8cce35815111e6b16e,61
z4d8cce35815111e6b16e,41
z50f0dc25a57511e69c81,35
z50f0dc25a57511e69c81,3
z0c2dabe0b8ef11e0a046,53
z0c2dabe0b8ef11e0a046,42
z0c2dabe0b8ef11e0a046,57
z947bb2743e8511e6bdbb,13
z947bb2743e8511e6bdbb,14
z6a35f680de5c11de97c0,59
z6a35f680de5c11de97c0,61
z6a35f680de5c11de97c0,41
ze0dffeca860611e2a19e,57
ze0dffeca860611e2a19e,40
zefbfbd15d385efbfbdef,13
zefbfbd15d385efbfbdef,14
zf2604a3061ad11e0bea1,53
zf2604a3061ad11e0bea1,42
zf2604a3061ad11e0bea1,57
zf975ad2e61ad11e0bea1,34
zf975ad2e61ad11e0bea1,13
zf975ad2e61ad11e0bea1,14
zfc11a52461ad11e0bea1,35
zfc11a52461ad11e0bea1,14
z8b841e46e4d811e5b432,42
z8b841e46e4d811e5b432,61
z8b841e46e4d811e5b432,41
zff5368a861ad11e0bea1,41
zff5368a861ad11e0bea1,57
zff5368a861ad11e0bea1,21
ze381026661ad11e0bea1,14
z11caad74977211e2b16f,14
z11caad74977211e2b16f,16
zf6e2eafe61ad11e0bea1,59
zf6e2eafe61ad11e0bea1,13
zf6e2eafe61ad11e0bea1,73
zd50f8afa2f7011e5b5ce,35
z9bbfcc7e083111e69c81,35
z9bbfcc7e083111e69c81,13
zcc0083e2962411de83b1,59
zcc0083e2962411de83b1,13
zcc0083e2962411de83b1,73
za597b8f819f311e4b2ad,12
za597b8f819f311e4b2ad,74
zefbfbd3652c6984b11ef,57
zefbfbd3652c6984b11ef,14
z829ee608803711e1a19e,61
z829ee608803711e1a19e,14
zf258308e61ad11e0bea1,53
zf258308e61ad11e0bea1,42
zf258308e61ad11e0bea1,57
z172befbfbd39efbfbd5a,35
z172befbfbd39efbfbd5a,14
z151f2092bc1611e0a046,53
z151f2092bc1611e0a046,13
z151f2092bc1611e0a046,57
zeacf9a46b25e11e38b3f,68
zeacf9a46b25e11e38b3f,69
zeacf9a46b25e11e38b3f,14
z1ffc848adc6011e19498,42
z1ffc848adc6011e19498,13
z1ffc848adc6011e19498,57
z4aca0ac44a8911e2b356,35
z8fa43f8472db11e5b2ad,35
z7af781a16bb0443d8675,35
z7af781a16bb0443d8675,3
z1c77c370a93e11e5b522,68
z1c77c370a93e11e5b522,41
z1c77c370a93e11e5b522,69
z0b4ccb10ff7711e0a046,14
z0b4ccb10ff7711e0a046,16
zfcbf969861ad11e0bea1,1
zfcbf969861ad11e0bea1,35
zcc002bb8962411de83b1,59
zcc002bb8962411de83b1,69
zcc002bb8962411de83b1,48
zfee196866b7011e3a705,42
zfee196866b7011e3a705,13
zfee196866b7011e3a705,57
z1bac0432478911e4abda,30
z1bac0432478911e4abda,56
z1bac0432478911e4abda,14
z7eb14fd209ee11e1a046,13
z7eb14fd209ee11e1a046,17
z7eb14fd209ee11e1a046,14
zcc0011a0962411de83b1,68
zcc0011a0962411de83b1,41
zcc0011a0962411de83b1,48
zf300540861ad11e0bea1,53
zf300540861ad11e0bea1,42
zf300540861ad11e0bea1,57
zcc00396e962411de83b1,42
zcc00396e962411de83b1,57
zcc00396e962411de83b1,14
zd159a14d6cc340dcb35f,13
zd159a14d6cc340dcb35f,14
za104308a08934ec59742,61
za104308a08934ec59742,41
z6431c5ca3cd311e6a080,41
z6431c5ca3cd311e6a080,35
z58f52458197611e5b432,13
z58f52458197611e5b432,56
zbe826978cd6411e0a046,61
zbe826978cd6411e0a046,20
zbe826978cd6411e0a046,14
zf5336bb689d511e0a046,41
zf5336bb689d511e0a046,69
zf5336bb689d511e0a046,14
zf25b8e2861ad11e0bea1,42
zf25b8e2861ad11e0bea1,57
zde9d71ba1afb11e5a080,42
zde9d71ba1afb11e5a080,13
zde9d71ba1afb11e5a080,48
zf59c29a861ad11e0bea1,53
zf59c29a861ad11e0bea1,42
zf59c29a861ad11e0bea1,57
z8dede252a84c11e5b2ad,57
z8dede252a84c11e5b2ad,21
z8dede252a84c11e5b2ad,40
z156d1c7a7b1611e69e06,41
z156d1c7a7b1611e69e06,56
z156d1c7a7b1611e69e06,14
z5f86111084f611e5b692,35
z5f86111084f611e5b692,14
zb307e96f6dcd11e6bdbb,35
zb307e96f6dcd11e6bdbb,14
zb307e96f6dcd11e6bdbb,74
zefbfbdefbfbd0360efbf,30
zefbfbdefbfbd0360efbf,69
zefbfbdefbfbd0360efbf,14
z81be86fa014111e1a046,13
z81be86fa014111e1a046,48
z5224412459cb11e4b2ad,42
z5224412459cb11e4b2ad,13
z5224412459cb11e4b2ad,57
z2968800df8f34b9bb376,61
z2968800df8f34b9bb376,13
z2968800df8f34b9bb376,57
z24cd83ca0ff511e1a046,13
z24cd83ca0ff511e1a046,29
z24cd83ca0ff511e1a046,48
z94dcc3a47d2611e0a046,35
z94dcc3a47d2611e0a046,74
z94dcc3a47d2611e0a046,14
zcc005af2962411de83b1,68
zcc005af2962411de83b1,42
zcc005af2962411de83b1,14
zcc005af2962411de83b1,48
zc9cb1208012111e6b432,32
zc9cb1208012111e6b432,57
zc9cb1208012111e6b432,14
z60efbfbd6aefbfbdefbf,35
z60efbfbd6aefbfbdefbf,14
zcebc82baae7a4fb9ad9b,35
zcebc82baae7a4fb9ad9b,3
z1f6f953ebc9311e2b16f,14
z1f6f953ebc9311e2b16f,16
zcc006aec962411de83b1,41
zcc006aec962411de83b1,56
zcc006aec962411de83b1,14
z7cdb3adc0da511e1a046,68
z7cdb3adc0da511e1a046,41
z7cdb3adc0da511e1a046,69
zc0ba1794860f11e29498,57
zc0ba1794860f11e29498,40
z64d2a74211efbfbd11e7,35
z64d2a74211efbfbd11e7,17
zc4d8c0401afb11e5b5ce,61
zc4d8c0401afb11e5b5ce,35
z3b0e74e83cd011e69b6d,73
z3b0e74e83cd011e69b6d,14
z98f743125b4b11e5b5ce,13
z98f743125b4b11e5b5ce,57
zef37dd98560211e5b2ad,13
zef37dd98560211e5b2ad,56
zef37dd98560211e5b2ad,57
zacec6a78e79811de97c0,32
zacec6a78e79811de97c0,17
zacec6a78e79811de97c0,14
zc0d6abbab8f811e0a046,53
zc0d6abbab8f811e0a046,42
zc0d6abbab8f811e0a046,57
z1ffe0e1e79b711e2b356,53
z1ffe0e1e79b711e2b356,42
z1ffe0e1e79b711e2b356,57
zf3021ef061ad11e0bea1,53
zf3021ef061ad11e0bea1,42
zf3021ef061ad11e0bea1,57
zf25fd40661ad11e0bea1,53
zf25fd40661ad11e0bea1,42
zf25fd40661ad11e0bea1,57
z26cd9104de5d11de97c0,42
z26cd9104de5d11de97c0,56
z26cd9104de5d11de97c0,48
zb1ea43d04db14269b2fe,41
zb1ea43d04db14269b2fe,35
zb1ea43d04db14269b2fe,73
z2040dc8aa86c11e59e2a,13
z2040dc8aa86c11e59e2a,58
z367017a6f68d11e3b8b7,56
z367017a6f68d11e3b8b7,14
zb8df16c4ebfe11e1b16f,35
zb8df16c4ebfe11e1b16f,13
zb8df16c4ebfe11e1b16f,57
z5defbfbd4a3f5befbfbd,12
z7a35efbfbd4c45efbfbd,17
z7a35efbfbd4c45efbfbd,48
zfa83dbdaf97111e0a046,53
zfa83dbdaf97111e0a046,42
zfa83dbdaf97111e0a046,57
z603eb170decc11e299f6,53
z603eb170decc11e299f6,42
z603eb170decc11e299f6,57
zf831832a61ad11e0bea1,1
zf831832a61ad11e0bea1,73
zf831832a61ad11e0bea1,14
z36f0d9ba96ca4d7fbe17,13
z36f0d9ba96ca4d7fbe17,57
z22c8f4047fa511e18195,35
z22c8f4047fa511e18195,12
zf8337664661b11e4b522,35
zf8337664661b11e4b522,52
zdf3fecb5465b40759289,61
zdf3fecb5465b40759289,13
z2f561f847b8111e2b356,13
z2f561f847b8111e2b356,73
z0220be6226cd11e69c81,35
z0220be6226cd11e69c81,14
zc9a74364bae711de97c0,35
zc9a74364bae711de97c0,14
zd8eb7ab6a88411e5b432,13
zd8eb7ab6a88411e5b432,54
zd8eb7ab6a88411e5b432,14
ze5186d72c77a11de97c0,61
ze5186d72c77a11de97c0,30
ze5186d72c77a11de97c0,69
z324feb44b8fe11e0a046,53
z324feb44b8fe11e0a046,42
z324feb44b8fe11e0a046,57
zf92a7f36b83611e0a046,53
zf92a7f36b83611e0a046,42
zf92a7f36b83611e0a046,57
z1fd8b222c5c911e6acec,13
z1fd8b222c5c911e6acec,48
z1c7c632aefbfbdefbfbd,35
z1c7c632aefbfbdefbfbd,17
z9596621c313c11e69b6d,41
z9596621c313c11e69b6d,35
z63c3be35efbfbd7011ef,29
z63c3be35efbfbd7011ef,14
z63c3be35efbfbd7011ef,48
z28181c0256a511e5b5ce,14
z81c271ceaed611e589e3,35
z81c271ceaed611e589e3,14
zcc002b68962411de83b1,59
zcc002b68962411de83b1,69
zcc002b68962411de83b1,48
z45ba9f4259e711e0a046,69
z45ba9f4259e711e0a046,14
z604f2b5a70f211e38b3f,13
z604f2b5a70f211e38b3f,57
ze18c485861ad11e0bea1,1
ze18c485861ad11e0bea1,35
ze18c485861ad11e0bea1,14
z8581ce084a9811e3b8b7,13
z8581ce084a9811e3b8b7,57
z735de270e37011e5b32f,35
z735de270e37011e5b32f,14
zd9ebf874021011e1a046,3
zd9ebf874021011e1a046,74
zefbfbd2211efbfbdefbf,29
zefbfbd2211efbfbdefbf,14
zefbfbd2211efbfbdefbf,48
z1271005defbfbdefbfbd,13
z1271005defbfbdefbfbd,14
zcc0053ea962411de83b1,42
zcc0053ea962411de83b1,73
zcc0053ea962411de83b1,14
z7defbfbd45325befbfbd,12
zc9d4128cab1111e1b356,35
zb91ed252592b11e6b32f,35
zb91ed252592b11e6b32f,74
za7b55d9ec5e711de97c0,13
za7b55d9ec5e711de97c0,73
za7b55d9ec5e711de97c0,48
z785910189b1511e0a046,30
z785910189b1511e0a046,35
zf54815ffbf5811e6b16e,13
zf54815ffbf5811e6b16e,58
zff3b275a637411e296ac,13
zff3b275a637411e296ac,57
z14efbfbdd3a9efbfbd2f,30
z14efbfbdd3a9efbfbd2f,14
zc7e38a94b0f311e4abda,35
zc7e38a94b0f311e4abda,14
z68edbaf8e1e511e1b16f,61
z68edbaf8e1e511e1b16f,30
z68edbaf8e1e511e1b16f,35
zac09a7c416a611e38b3f,35
zac09a7c416a611e38b3f,13
zfb2fd7eaa86911e59e2a,56
zfb2fd7eaa86911e59e2a,14
zf1beb5a861ad11e0bea1,53
zf1beb5a861ad11e0bea1,42
zf1beb5a861ad11e0bea1,57
zfefd2c7ca93311e5b692,3
zfefd2c7ca93311e5b692,74
z70c760ba102811e1a046,41
z70c760ba102811e1a046,56
z36e3718a7b8011e2b2ac,35
z36e3718a7b8011e2b2ac,13
z36e3718a7b8011e2b2ac,73
zb76804f23c3311e69e2a,35
zb76804f23c3311e69e2a,14
zed2f089e61ad11e0bea1,53
zed2f089e61ad11e0bea1,42
zed2f089e61ad11e0bea1,48
zd09bd794313611e6a080,35
zd09bd794313611e6a080,14
zfac023bc61ad11e0bea1,1
zfac023bc61ad11e0bea1,41
zfac023bc61ad11e0bea1,14
z697cd9aad67a11e3a705,13
z697cd9aad67a11e3a705,17
z697cd9aad67a11e3a705,14
zeb23eb1c075911e1a046,34
zeb23eb1c075911e1a046,74
zeb23eb1c075911e1a046,14
zf13b0bba6d9e11e1b356,68
zf13b0bba6d9e11e1b356,41
zf13b0bba6d9e11e1b356,69
z9d3b63d402b911e1a046,53
z9d3b63d402b911e1a046,13
z9d3b63d402b911e1a046,57
zb302b478144711e38b3f,41
zb302b478144711e38b3f,35
zad2cedf0b82f11e0a046,53
zad2cedf0b82f11e0a046,42
zad2cedf0b82f11e0a046,57
z298cf0f20c3b11e1a046,53
z298cf0f20c3b11e1a046,42
z298cf0f20c3b11e1a046,57
z98756218932011e59e2a,35
z98756218932011e59e2a,74
zcc001f7e962411de83b1,42
zcc001f7e962411de83b1,13
zcc001f7e962411de83b1,73
z8ccb75fa3a7411e69e2a,41
z8ccb75fa3a7411e69e2a,57
z88da380a055711e3b8b7,68
z88da380a055711e3b8b7,59
z88da380a055711e3b8b7,41
z969a4f6ce5a011e5b522,57
z969a4f6ce5a011e5b522,14
z969a4f6ce5a011e5b522,40
zfdfce269a57b11e6acec,13
zfdfce269a57b11e6acec,57
z181fc494e1ef11e29748,56
z181fc494e1ef11e29748,14
z2d656c54380711e4b432,13
z2d656c54380711e4b432,56
z17f586dc26ee11e2b2ac,59
z17f586dc26ee11e2b2ac,69
z17f586dc26ee11e2b2ac,48
zcc00778a962411de83b1,41
zcc00778a962411de83b1,30
zcc00778a962411de83b1,21
zb91a23ef0f804a75acaf,34
zb91a23ef0f804a75acaf,13
zec93eb2ec1b511e6acec,61
zec93eb2ec1b511e6acec,35
z9095a3a2af8411e5b522,14
zefbfbdefbfbd285c5b08,56
zefbfbdefbfbd285c5b08,14
zcc0016e6962411de83b1,41
zcc0016e6962411de83b1,30
zcc0016e6962411de83b1,69
zcc0016e6962411de83b1,35
z1fbfddda80bd11e296ac,57
z1fbfddda80bd11e296ac,36
zcc006cae962411de83b1,41
zcc006cae962411de83b1,13
zcc006cae962411de83b1,56
z19682dd2209a11e5b2ad,57
z19682dd2209a11e5b2ad,40
zd7ed8c5b98014e0fb944,17
zd7ed8c5b98014e0fb944,14
zb11934c66ebf11e29498,41
zb11934c66ebf11e29498,30
zb11934c66ebf11e29498,69
z0929e470006311e1a046,53
z0929e470006311e1a046,42
z0929e470006311e1a046,48
z67d89910efbfbd5c11ef,42
z67d89910efbfbd5c11ef,14
zefbfbd44efbfbd00efbf,61
zefbfbd44efbfbd00efbf,14
zf78855ac61ad11e0bea1,68
zf78855ac61ad11e0bea1,69
zf78855ac61ad11e0bea1,48
zf5c47418f09a11e5b32f,35
zf5c47418f09a11e5b32f,56
zd81f9174a60111e0a046,41
zd81f9174a60111e0a046,56
zd81f9174a60111e0a046,14
z0a27cd323cd211e6abda,13
z0a27cd323cd211e6abda,48
zc4dde3c0f69111e3b2ad,61
zc4dde3c0f69111e3b2ad,69
zefa0a3e44daa11e38b3f,35
zefa0a3e44daa11e38b3f,13
zefa0a3e44daa11e38b3f,57
zb07551dee10811e19013,13
zb07551dee10811e19013,73
zefbfbd65efbfbd53efbf,68
zefbfbd65efbfbd53efbf,59
zefbfbd65efbfbd53efbf,41
z64d9893a55d011e5b5ce,30
z64d9893a55d011e5b5ce,74
z95fb91fd8c6a11e6bdbb,56
z95fb91fd8c6a11e6bdbb,14
z95fb91fd8c6a11e6bdbb,12
z90a4a55ffbf547329da5,56
z90a4a55ffbf547329da5,14
zefc54e4261ad11e0bea1,68
zefc54e4261ad11e0bea1,41
zefc54e4261ad11e0bea1,69
zcc0069fc962411de83b1,41
zcc0069fc962411de83b1,30
zcc0069fc962411de83b1,74
z1e186ae3758911e6b16e,30
z1e186ae3758911e6b16e,73
zfb1cb91601f711e1a046,68
zfb1cb91601f711e1a046,41
zfb1cb91601f711e1a046,69
zfb5dc676368711e1b318,41
zfb5dc676368711e1b318,56
zfb5dc676368711e1b318,14
zefbfbdefbfbdefbfbd45,34
zefbfbdefbfbdefbfbd45,14
zed32fda061ad11e0bea1,42
zed32fda061ad11e0bea1,35
zed32fda061ad11e0bea1,48
zefbfbd3befbfbd0aefbf,29
zefbfbd3befbfbd0aefbf,14
zefbfbd3befbfbd0aefbf,48
zcc0080ae962411de83b1,61
zcc0080ae962411de83b1,30
zcc0080ae962411de83b1,35
z5c33efbfbd340d6a11ef,53
z5c33efbfbd340d6a11ef,42
z5c33efbfbd340d6a11ef,14
z891372fc3ed411e4b522,42
z891372fc3ed411e4b522,61
z19efbfbdefbfbd7b1bef,35
z19efbfbdefbfbd7b1bef,48
z806aa9c5a57f11e6bdbb,13
z806aa9c5a57f11e6bdbb,57
zcc006b96962411de83b1,41
zcc006b96962411de83b1,56
zcc006b96962411de83b1,14
z58827426852911e6b9bb,14
z30c74046e30f487eb6a8,13
z30c74046e30f487eb6a8,48
z7bef1d59bc4011e69e06,13
z7bef1d59bc4011e69e06,48
z22678ea01c7611e59e2a,69
z22678ea01c7611e59e2a,14
zfce4a04acfe311e2be40,30
zfce4a04acfe311e2be40,35
zb01034305ea511e69c81,53
zb01034305ea511e69c81,61
z838fc1c8030211e3b8b7,41
z838fc1c8030211e3b8b7,35
z838fc1c8030211e3b8b7,14
ze194b66461ad11e0bea1,56
ze194b66461ad11e0bea1,73
ze194b66461ad11e0bea1,14
z9ebd06820b4611e1a046,61
z9ebd06820b4611e1a046,30
z9ebd06820b4611e1a046,73
zb64eeb2c8a8511e0a046,68
zb64eeb2c8a8511e0a046,13
zb64eeb2c8a8511e0a046,48
z60aa7ad0f20911e3b8b7,13
z60aa7ad0f20911e3b8b7,36
zfe042ed2198811e59e2a,13
zfe042ed2198811e59e2a,54
zfe042ed2198811e59e2a,14
zd569d83ace9511e3a705,41
zd569d83ace9511e3a705,30
zd569d83ace9511e3a705,69
z75eea0d2b24a11e38b3f,41
z75eea0d2b24a11e38b3f,69
zeb09cfdc7b9011e29013,13
zcc00235c962411de83b1,59
zcc00235c962411de83b1,16
zcc00235c962411de83b1,48
z024d59d659b411e4b522,61
z024d59d659b411e4b522,41
z02fb2644ff7e11e0a046,40
z02fb2644ff7e11e0a046,48
zfd93e9c0b8e211e0a046,53
zfd93e9c0b8e211e0a046,42
zfd93e9c0b8e211e0a046,57
zf6dd952261ad11e0bea1,42
zf6dd952261ad11e0bea1,13
zf6dd952261ad11e0bea1,48
z8a442dde8f6511e6b16e,13
z8a442dde8f6511e6b16e,29
z8a442dde8f6511e6b16e,48
z1067ce162f5111e5b432,12
zcc0029e2962411de83b1,61
zcc0029e2962411de83b1,30
zcc0029e2962411de83b1,73
zefbfbd7defbfbd3d06ef,41
zefbfbd7defbfbd3d06ef,56
zefbfbd7defbfbd3d06ef,14
zcc006fba962411de83b1,57
zcc006fba962411de83b1,14
zcc006fba962411de83b1,40
z197a863e15b411e69e2a,35
z197a863e15b411e69e2a,56
z7b76708ad29111e49e2a,42
z7b76708ad29111e49e2a,74
z358dbc7007e611e4a705,13
z358dbc7007e611e4a705,57
z68d8d1147fb211e6b32f,34
z68d8d1147fb211e6b32f,14
zfac61ede61ad11e0bea1,13
zfac61ede61ad11e0bea1,56
zfac61ede61ad11e0bea1,14
z389e1aea197e11e5b5ce,14
z46465a1c711f11e38b3f,42
z46465a1c711f11e38b3f,73
z46465a1c711f11e38b3f,14
z9c682f38144011e38b3f,13
z9c682f38144011e38b3f,56
zf387c01e3db711e6b32f,32
zf387c01e3db711e6b32f,48
zd347e8fac5e711de97c0,41
zd347e8fac5e711de97c0,30
zd347e8fac5e711de97c0,69
zefbfbd410e5b402b11ef,13
zefbfbd410e5b402b11ef,14
z421752efbfbdefbfbdef,13
z421752efbfbdefbfbdef,14
zd2a310c272da11e5b432,35
z96adb5a8f6c211e3b8b7,13
z96adb5a8f6c211e3b8b7,57
z99200992d8ce11e38b3f,35
z99200992d8ce11e38b3f,12
z70859b94560111e5b5ce,30
z70859b94560111e5b5ce,56
z70859b94560111e5b5ce,14
zbd38b4fa58f711e5b5ce,35
zbd38b4fa58f711e5b5ce,14
z867b29c0058411e3a705,41
z867b29c0058411e3a705,69
zd69c5befbfbddfae11ef,61
zd69c5befbfbddfae11ef,41
zd69c5befbfbddfae11ef,14
zc49ea21aa16611e68fae,14
zefbfbdd398efbfbdefbf,61
zefbfbdd398efbfbdefbf,73
zefbfbdd398efbfbdefbf,14
zefbfbd12efbfbd40066d,35
zefbfbd12efbfbd40066d,56
zcc007014962411de83b1,57
zcc007014962411de83b1,14
zcc007014962411de83b1,40
z257452efbfbdefbfbd6d,29
z257452efbfbdefbfbd6d,14
z257452efbfbdefbfbd6d,48
zf13b345dc27e11e68fae,32
zf13b345dc27e11e68fae,61
zf13b345dc27e11e68fae,1
z190fe8616039462ab200,68
z190fe8616039462ab200,59
z190fe8616039462ab200,12
z6a7f4be6b36311e4b432,13
z6a7f4be6b36311e4b432,17
z6a7f4be6b36311e4b432,14
zedd8b21861ad11e0bea1,30
zedd8b21861ad11e0bea1,56
zedd8b21861ad11e0bea1,58
z05024d3e10ca11e1a046,32
z05024d3e10ca11e1a046,61
z05024d3e10ca11e1a046,58
z84af878ae12211e1b2ac,13
z84af878ae12211e1b2ac,73
z06b0ed0e865411e4a080,13
z06b0ed0e865411e4a080,48
zf59bc78861ad11e0bea1,61
zf59bc78861ad11e0bea1,1
zf59bc78861ad11e0bea1,13
zec3c406e513b11e5b692,13
zec3c406e513b11e5b692,17
zec3c406e513b11e5b692,14
z8b010d64a6ab11e0a046,41
z8b010d64a6ab11e0a046,30
z8b010d64a6ab11e0a046,21
zefbfbd5379efbfbd57ef,69
zefbfbd5379efbfbd57ef,35
zefbfbd5379efbfbd57ef,14
zfd5ddce061ad11e0bea1,61
zfd5ddce061ad11e0bea1,41
zfd5ddce061ad11e0bea1,69
ze49429e247ef11e69c81,53
ze49429e247ef11e69c81,12
ze49429e247ef11e69c81,74
zc488efbfbdefbfbdefbf,13
zc488efbfbdefbfbdefbf,14
z33ea967a5ca311e3b8b7,59
z33ea967a5ca311e3b8b7,61
z33ea967a5ca311e3b8b7,41
zedb852fe3a7c11e6a080,69
zedb852fe3a7c11e6a080,16
z12964228fd2611e5b432,56
z12964228fd2611e5b432,14
z12964228fd2611e5b432,12
zcc001eb6962411de83b1,68
zcc001eb6962411de83b1,41
zcc001eb6962411de83b1,48
zefbfbd17efbfbd6f3aef,13
zefbfbd17efbfbd6f3aef,14
z0befbfbd27efbfbd4fef,68
z0befbfbd27efbfbd4fef,41
z0befbfbd27efbfbd4fef,69
z8c7432be289911e6b32f,35
z8c7432be289911e6b32f,48
zf260b1a061ad11e0bea1,53
zf260b1a061ad11e0bea1,42
zf260b1a061ad11e0bea1,57
z447f3f4efbdf11e0a046,53
z447f3f4efbdf11e0a046,42
z447f3f4efbdf11e0a046,57
z82969f00a60511e0a046,13
z82969f00a60511e0a046,56
z82969f00a60511e0a046,14
ze892ee8ab41511e0a046,61
ze892ee8ab41511e0a046,30
ze892ee8ab41511e0a046,69
z000807ee77f211e1b16f,56
z000807ee77f211e1b16f,73
z000807ee77f211e1b16f,14
zf980661061ad11e0bea1,61
zf980661061ad11e0bea1,73
zcc0070b4962411de83b1,13
zcc0070b4962411de83b1,14
zcc0070b4962411de83b1,48
z074ab022197c11e5b5ce,61
z074ab022197c11e5b5ce,41
zcaa0fb6edf5e11e0a046,35
zcaa0fb6edf5e11e0a046,54
zcaa0fb6edf5e11e0a046,3
zdd772dc6baaa11e196ac,41
zdd772dc6baaa11e196ac,35
zdd772dc6baaa11e196ac,56
zfb6e3c2261ad11e0bea1,13
zfb6e3c2261ad11e0bea1,56
ze1212096e85611e2a705,13
ze1212096e85611e2a705,57
zd6189466889f11e2a19e,35
zd6189466889f11e2a19e,13
zfc4c79c6e18211e38b3f,53
zfc4c79c6e18211e38b3f,35
zfc4c79c6e18211e38b3f,12
z618bde949edd11e59e2a,42
z618bde949edd11e59e2a,14
z618bde949edd11e59e2a,48
zc26a9aaeaa1111e0a046,35
zc26a9aaeaa1111e0a046,3
zcc007460962411de83b1,13
zcc007460962411de83b1,57
zcc007460962411de83b1,48
z9081cec4fbc711e0a046,53
z9081cec4fbc711e0a046,42
z9081cec4fbc711e0a046,57
za2826926df3611e3b8b7,68
za2826926df3611e3b8b7,59
za2826926df3611e3b8b7,41
z2a459970b73811e0a046,35
z2a459970b73811e0a046,13
z2a459970b73811e0a046,14
ze1904c2861ad11e0bea1,13
ze1904c2861ad11e0bea1,57
ze1904c2861ad11e0bea1,14
zefbfbdefbfbd5c34efbf,29
zefbfbdefbfbd5c34efbf,14
zefbfbdefbfbd5c34efbf,48
zefbfbd28d38129efbfbd,13
zefbfbd28d38129efbfbd,56
zefbfbd28d38129efbfbd,14
z383fefbfbd14efbfbd17,30
z383fefbfbd14efbfbd17,17
z383fefbfbd14efbfbd17,14
zeb390f8a61ad11e0bea1,61
zeb390f8a61ad11e0bea1,30
zeb390f8a61ad11e0bea1,56
zfd620e0a61ad11e0bea1,59
zfd620e0a61ad11e0bea1,13
zfd620e0a61ad11e0bea1,14
zefbfbd42efbfbdefbfbd,42
zefbfbd42efbfbdefbfbd,13
zefbfbd42efbfbdefbfbd,14
z53f0e24047cd11e6abda,69
z53f0e24047cd11e6abda,14
zd6cf389f164d11e69c81,12
z22ec478a2acc11e5b432,35
z22ec478a2acc11e5b432,14
z0cbcbb260be611e4a705,69
z0cbcbb260be611e4a705,14
z98465beaf6de11e59e2a,35
z98465beaf6de11e59e2a,20
zb3c605ca3d7a4eb0955e,13
zb3c605ca3d7a4eb0955e,48
z7b087c5e687111efbfbd,61
z7b087c5e687111efbfbd,30
z7b087c5e687111efbfbd,14
z4127a522f0f111e1a19e,56
z4127a522f0f111e1a19e,14
zefbfbdefbfbdefbfbd5e,13
zefbfbdefbfbdefbfbd5e,57
zefbfbdefbfbdefbfbd5e,14
zcc000cd2962411de83b1,41
zcc000cd2962411de83b1,30
zcc000cd2962411de83b1,69
z157a570798eb4de48ada,35
z157a570798eb4de48ada,12
z07b977be0b5c11e1a046,30
z07b977be0b5c11e1a046,21
z07b977be0b5c11e1a046,40
z8c269018b8e111e0a046,53
z8c269018b8e111e0a046,42
z8c269018b8e111e0a046,57
zf2fd47a461ad11e0bea1,53
zf2fd47a461ad11e0bea1,42
zf2fd47a461ad11e0bea1,57
z95b87652ac6411e0a046,13
z95b87652ac6411e0a046,14
z3a722036a07011e59e2a,13
z3a722036a07011e59e2a,14
z7c5cb5243e7211e69b6d,41
z7c5cb5243e7211e69b6d,35
zcc0066f0962411de83b1,61
zcc0066f0962411de83b1,1
zcc0066f0962411de83b1,13
z55b394aee98311e0a046,69
z55b394aee98311e0a046,14
zee39f2fcefde11e5a080,35
zcc0069d4962411de83b1,41
zcc0069d4962411de83b1,30
zcc0069d4962411de83b1,74
z75f7df62e24611e4abda,34
z75f7df62e24611e4abda,13
zc5c0571e2f1d11e3a705,13
z17a6b178a85111e5be16,34
z17a6b178a85111e5be16,14
z11efbfbd3b38106911ef,41
z11efbfbd3b38106911ef,35
z11efbfbd3b38106911ef,3
z3f9a2eb49b1611e0a046,32
z3f9a2eb49b1611e0a046,73
z3a3f0490e2b011e69e06,41
z3a3f0490e2b011e69e06,69
z9ee111f87ebf11e5b432,57
z9ee111f87ebf11e5b432,40
zcc0045f8962411de83b1,56
zcc0045f8962411de83b1,14
zcc006128962411de83b1,42
zcc006128962411de83b1,13
zcc006128962411de83b1,48
zd6c247ae3d6b11e4a080,61
zd6c247ae3d6b11e4a080,73
z8235913200b811e3b8b7,41
z8235913200b811e3b8b7,30
zcc0045d0962411de83b1,57
zcc0045d0962411de83b1,14
zcc0045d0962411de83b1,40
ze9ca8fecaa1011e0a046,35
ze9ca8fecaa1011e0a046,3
z95002512e3cf11e29748,61
z95002512e3cf11e29748,41
z95002512e3cf11e29748,30
z090ec930b26611e3a705,61
z090ec930b26611e3a705,41
z3c079984ce3211e6acec,68
z3c079984ce3211e6acec,59
z3c079984ce3211e6acec,41
z2303d3405df311e19498,69
z2303d3405df311e19498,14
z6d8791f8075511e1a046,34
z6d8791f8075511e1a046,74
z6d8791f8075511e1a046,14
zefbfbd55efbfbd7e3543,35
zefbfbd55efbfbd7e3543,12
z56a34d7c4bb5473485a5,41
z56a34d7c4bb5473485a5,56
z56a34d7c4bb5473485a5,14
z372eb9feca8711de97c0,17
z372eb9feca8711de97c0,14
ze1938f0a61ad11e0bea1,13
ze1938f0a61ad11e0bea1,14
ze1938f0a61ad11e0bea1,40
z806966103a7d11e6b32f,59
z806966103a7d11e6b32f,48
z2be7370c7fad11e69e06,35
z2be7370c7fad11e69e06,13
ze191bd1a61ad11e0bea1,41
ze191bd1a61ad11e0bea1,30
ze191bd1a61ad11e0bea1,69
zef8ac838cfdf11e2b356,56
zef8ac838cfdf11e2b356,14
z103eeb040b2011e5abda,56
z103eeb040b2011e5abda,14
z103eeb040b2011e5abda,12
zcc0069ac962411de83b1,61
zcc0069ac962411de83b1,41
zcc0069ac962411de83b1,74
z76b05d16682e11e19498,53
z76b05d16682e11e19498,57
z70ea5d28796911e5a080,14
z158a8e4abb4811e196ac,32
z158a8e4abb4811e196ac,73
z76b506fc82ad11e0a046,59
z76b506fc82ad11e0a046,13
z76b506fc82ad11e0a046,48
z1b42802acd6a11e69c81,56
z1b42802acd6a11e69c81,14
zefbfbd3520efbfbdefbf,13
zefbfbd3520efbfbdefbf,14
zde19432a639d11e3a705,36
zcc000caa962411de83b1,35
zcc000caa962411de83b1,73
zcc000caa962411de83b1,58
z11256a1f852b11e6bdbb,35
z11256a1f852b11e6bdbb,14
zadcfee8cb94b11e296ac,68
zadcfee8cb94b11e296ac,13
zadcfee8cb94b11e296ac,48
zf4f02a1cb68f11e1a19e,35
zf4f02a1cb68f11e1a19e,20
z0695c39a038d11e296ac,69
z0695c39a038d11e296ac,14
zfcbf22ee61ad11e0bea1,13
zfcbf22ee61ad11e0bea1,56
ze22327d4b8f911e0a046,53
ze22327d4b8f911e0a046,42
ze22327d4b8f911e0a046,57
z9b2665b4ca8811de97c0,61
z9b2665b4ca8811de97c0,41
z9b2665b4ca8811de97c0,30
zb673226cbf5911e1b356,57
zb673226cbf5911e1b356,14
zb673226cbf5911e1b356,40
zcc00585e962411de83b1,32
zcc00585e962411de83b1,57
zcc00585e962411de83b1,14
zcc00585e962411de83b1,40
z14019f301b1411e5b522,35
z14019f301b1411e5b522,14
z397ddcb6aa1011e0a046,35
z397ddcb6aa1011e0a046,3
z0f87065062e111e19194,59
z0f87065062e111e19194,14
z0f87065062e111e19194,48
z96582c2801f611e1a046,68
z96582c2801f611e1a046,41
z96582c2801f611e1a046,69
zefbfbdefbfbd33efbfbd,35
zefbfbdefbfbd33efbfbd,14
zefbfbdefbfbd33efbfbd,74
z6b17c0aca93411e5b432,3
z6b17c0aca93411e5b432,74
zcc004620962411de83b1,59
zcc004620962411de83b1,41
zcc004620962411de83b1,30
zefbfbd3aefbfbd6c5eef,61
zefbfbd3aefbfbd6c5eef,30
zefbfbd3aefbfbd6c5eef,21
z81f42f30af7a11e0a046,14
z81f42f30af7a11e0a046,40
z81f42f30af7a11e0a046,48
z537342fa927311e0a046,13
z537342fa927311e0a046,57
zc95ea86255fe11e5b522,61
zc95ea86255fe11e5b522,41
zc95ea86255fe11e5b522,69
z2ab710b006a611e1a046,41
z2ab710b006a611e1a046,35
z837ad5f2198411e5b432,41
z837ad5f2198411e5b432,35
z837ad5f2198411e5b432,14
z2cb859b0eb1211e4b522,53
z2cb859b0eb1211e4b522,13
z2cb859b0eb1211e4b522,57
ze8da385e722b45db84b0,68
ze8da385e722b45db84b0,16
ze8da385e722b45db84b0,48
z6e07112411efbfbd11ef,56
z6e07112411efbfbd11ef,14
z15ef07b4d29011e4b522,57
z15ef07b4d29011e4b522,14
z5ce3b2a0efbfbd1811ef,13
z5ce3b2a0efbfbd1811ef,57
z5ce3b2a0efbfbd1811ef,14
z2552c336a60b11e0a046,41
z2552c336a60b11e0a046,14
zefbfbdefbfbd6eefbfbd,61
zefbfbdefbfbd6eefbfbd,30
zefbfbdefbfbd6eefbfbd,21
zea9718e261ad11e0bea1,35
zea9718e261ad11e0bea1,3
zefbfbdefbfbd4d3cefbf,41
zefbfbdefbfbd4d3cefbf,35
z8517e534705211e4abda,69
z8517e534705211e4abda,35
z39efbfbdefbfbdefbfbd,35
z39efbfbdefbfbdefbfbd,12
z450caa42e66711e5b432,41
z450caa42e66711e5b432,35
z12b8f2e01c4211e3a705,61
z12b8f2e01c4211e3a705,69
zb04a1d0ebd7b11e0a046,13
zb04a1d0ebd7b11e0a046,57
zf6652b7e3e8311e6b32f,61
zf6652b7e3e8311e6b32f,73
ze4f85ff2a85011e4b8e3,57
ze4f85ff2a85011e4b8e3,14
zefbfbdefbfbd6d43efbf,35
zefbfbdefbfbd6d43efbf,14
z6b4bb466e7ac11de97c0,59
z6b4bb466e7ac11de97c0,13
z6b4bb466e7ac11de97c0,48
zcc00061a962411de83b1,61
zcc00061a962411de83b1,30
zcc00061a962411de83b1,56
zcc006ac4962411de83b1,42
zcc006ac4962411de83b1,14
zcc006ac4962411de83b1,48
z8ad9eea6075811e1a046,34
z8ad9eea6075811e1a046,74
z8ad9eea6075811e1a046,14
zcc008cca962411de83b1,13
zcc008cca962411de83b1,57
zcc008cca962411de83b1,48
z587b825ce59e11e5b432,13
z4fefbfbdefbfbd7816ef,59
z4fefbfbdefbfbd7816ef,42
z4fefbfbdefbfbd7816ef,16
z44efbfbd1242efbfbd36,59
z44efbfbd1242efbfbd36,13
z8600c4b2af7a11e5a080,57
z8600c4b2af7a11e5a080,14
z55a1743056d611e5b5ce,74
z55a1743056d611e5b5ce,14
zdf8f46d6d0d211e29748,41
zdf8f46d6d0d211e29748,30
zcc0058ae962411de83b1,32
zcc0058ae962411de83b1,57
zcc0058ae962411de83b1,14
zcc0058ae962411de83b1,40
zfa1ec50861ad11e0bea1,34
zfa1ec50861ad11e0bea1,74
zfa1ec50861ad11e0bea1,14
za2b339eae78b11de97c0,13
za2b339eae78b11de97c0,29
za2b339eae78b11de97c0,48
zcc0059a8962411de83b1,68
zcc0059a8962411de83b1,14
zcc0059a8962411de83b1,48
zd778354c77e211e196ac,59
zd778354c77e211e196ac,61
zd778354c77e211e196ac,41
z8f0b15313e8a11e69c81,41
z8f0b15313e8a11e69c81,30
ze31f4ef6c92211e3a705,35
ze31f4ef6c92211e3a705,56
z50c2be5ebdad11e0a046,13
z50c2be5ebdad11e0a046,57
z7f52b0ce197c11e5a080,13
z7f52b0ce197c11e5a080,57
zbc1c54c890a711e4b522,35
zbc1c54c890a711e4b522,3
zebe465a661ad11e0bea1,35
zebe465a661ad11e0bea1,14
zebe465a661ad11e0bea1,48
z2ca6916c795511e6b32f,13
z2ca6916c795511e6b32f,56
zb6506d26a84911e5b522,56
zb6506d26a84911e5b522,14
zb6506d26a84911e5b522,12
z1f114782e66f11e5b432,59
z1f114782e66f11e5b432,13
z1f114782e66f11e5b432,48
zcc007a50962411de83b1,32
zcc007a50962411de83b1,57
zcc007a50962411de83b1,40
zefc4e20461ad11e0bea1,68
zefc4e20461ad11e0bea1,41
zefc4e20461ad11e0bea1,69
z14b66baaa82211df97c0,13
z14b66baaa82211df97c0,54
z14b66baaa82211df97c0,14
z1675c8261afc11e5b5ce,41
z1675c8261afc11e5b5ce,57
zf0febfa2594911e1b318,35
zf0febfa2594911e1b318,13
z672f94e0ba8411e59e2a,35
z672f94e0ba8411e59e2a,13
z672f94e0ba8411e59e2a,56
zefbfbd447aefbfbd6bef,35
zefbfbd447aefbfbd6bef,13
zefbfbd447aefbfbd6bef,56
zefbfbd447aefbfbd6bef,14
zcc91efbfbd44354211ef,69
zcc91efbfbd44354211ef,14
zcc91efbfbd44354211ef,48
zefbfbdefbfbd6351efbf,13
zefbfbdefbfbd6351efbf,14
z523f77d60a2211e3b8b7,59
z523f77d60a2211e3b8b7,13
z523f77d60a2211e3b8b7,48
z64aa68201afd11e5b432,13
z64aa68201afd11e5b432,73
z74c3b5cf592b11e69c81,35
z74c3b5cf592b11e69c81,74
z97a05e7ab8c211e0a046,53
z97a05e7ab8c211e0a046,42
z97a05e7ab8c211e0a046,57
zae62b7466f5911e6b9bb,68
zae62b7466f5911e6b9bb,59
zae62b7466f5911e6b9bb,48
z16aa5e8624bf11e3b8b7,13
z16aa5e8624bf11e3b8b7,57
zf80f061ce5db11e5b2ad,14
zf80f061ce5db11e5b2ad,48
zc86614a69b1511e1b16f,61
zc86614a69b1511e1b16f,41
zc86614a69b1511e1b16f,21
z926ff01e393b11e29013,32
z926ff01e393b11e29013,61
z926ff01e393b11e29013,57
z792a53bacfdb11e2b2ac,61
z792a53bacfdb11e2b2ac,73
zad8d4a82b29a11e0a046,16
zad8d4a82b29a11e0a046,52
zee861aa239e311e1b318,68
zee861aa239e311e1b318,16
zee861aa239e311e1b318,48
zaf9b684cb65511e3a705,35
zaf9b684cb65511e3a705,13
z392f2e9cc4de11e19013,35
z392f2e9cc4de11e19013,13
zd2bda0f790e311e6b16e,13
zd2bda0f790e311e6b16e,14
zefbfbd1f62efbfbdefbf,35
zefbfbd1f62efbfbdefbf,13
zefbfbd1f62efbfbdefbf,57
zcc008ae0962411de83b1,68
zcc008ae0962411de83b1,69
zcc008ae0962411de83b1,48
zefbfbd5d79efbfbd74ef,53
zefbfbd5d79efbfbd74ef,42
zefbfbd5d79efbfbd74ef,57
z319ed820c26511e0a046,13
z319ed820c26511e0a046,17
z319ed820c26511e0a046,14
z6c24e0a66e2411e5b692,35
z6c24e0a66e2411e5b692,52
zefbfbd4b31efbfbdefbf,13
zefbfbd4b31efbfbdefbf,14
z47f8f41041bc4ef9a46a,42
z47f8f41041bc4ef9a46a,14
z47f8f41041bc4ef9a46a,48
zd614bea0329111e18195,61
zd614bea0329111e18195,35
zd614bea0329111e18195,73
zfd7cb73894c911e5b432,35
zfd7cb73894c911e5b432,14
z110ab087b60e11e68ce4,59
z110ab087b60e11e68ce4,13
z110ab087b60e11e68ce4,48
zefbfbd0877efbfbdefbf,41
zefbfbd0877efbfbdefbf,35
zdc9d594e40b611e5b692,41
zdc9d594e40b611e5b692,35
z17d0029a4f5511e4a080,35
z17d0029a4f5511e4a080,17
zefbfbd74efbfbd7cc38f,13
zefbfbd74efbfbd7cc38f,14
z85627703fbbe4b02badf,35
z85627703fbbe4b02badf,13
z85627703fbbe4b02badf,56
zef53e69a599711df97c0,13
zef53e69a599711df97c0,17
zef53e69a599711df97c0,14
zf82bc87261ad11e0bea1,13
zf82bc87261ad11e0bea1,56
zf82bc87261ad11e0bea1,58
zefbfbd521aefbfbdefbf,13
zefbfbd521aefbfbdefbf,14
z95afd4fda94711e68ce4,35
z95afd4fda94711e68ce4,14
z9ba4d9a205ce11e6a080,35
z1730efb4f4c911e5b522,42
z1730efb4f4c911e5b522,13
z1730efb4f4c911e5b522,48
z7270686c859b11e4a080,13
z7270686c859b11e4a080,57
z7270686c859b11e4a080,40
z7c461aabe9cd4c538b66,30
z7c461aabe9cd4c538b66,35
z835a242844b311e69c81,53
z835a242844b311e69c81,29
zefbfbdefbfbd48dcaa11,36
zefbfbdefbfbd48dcaa11,3
zefbfbdefbfbd48dcaa11,52
zb758bfbec1e911e2b16f,69
zb758bfbec1e911e2b16f,14
z751f6e83bd0911e6acec,12
z7042f73e7bd511e296ac,41
z7042f73e7bd511e296ac,30
z7042f73e7bd511e296ac,21
ze9e5efe0b3d411df97c0,35
zcc00296a962411de83b1,61
zcc00296a962411de83b1,30
zcc00296a962411de83b1,73
z7bc45108d74a11de97c0,13
z7bc45108d74a11de97c0,57
zcc002a5a962411de83b1,61
zcc002a5a962411de83b1,30
zcc002a5a962411de83b1,73
z11efbfbd264fefbfbd11,41
z11efbfbd264fefbfbd11,56
z11efbfbd264fefbfbd11,14
z77b39620f96a11e0a046,42
z77b39620f96a11e0a046,13
z77b39620f96a11e0a046,29
z41103584a9f011e5b432,61
z41103584a9f011e5b432,57
z2a104968e15211e38b3f,59
z2a104968e15211e38b3f,69
z2a104968e15211e38b3f,48
z71ff8eaa8a9c11e1b16f,68
z71ff8eaa8a9c11e1b16f,13
z71ff8eaa8a9c11e1b16f,48
zff51503661ad11e0bea1,1
zff51503661ad11e0bea1,30
zff51503661ad11e0bea1,13
zb75123f6a85211e5be16,41
zb75123f6a85211e5be16,73
zb75123f6a85211e5be16,14
z8d4e6f8a3e9f11e6b32f,13
z8d4e6f8a3e9f11e6b32f,73
z1854efbfbd221aefbfbd,32
z1854efbfbd221aefbfbd,14
z1854efbfbd221aefbfbd,40
z85d81017090b11e69c81,13
z85d81017090b11e69c81,57
z9f822ed8b37311e0a046,30
z9f822ed8b37311e0a046,35
z9f822ed8b37311e0a046,57
zf0ab2acccfe011e296ac,56
zf0ab2acccfe011e296ac,14
zefbfbdefbfbd6323efbf,53
zefbfbdefbfbd6323efbf,13
zefbfbdefbfbd6323efbf,14
ze7663ac8baeb11de97c0,59
ze7663ac8baeb11de97c0,16
ze7663ac8baeb11de97c0,48
zefbfbdefbfbd3befbfbd,35
zefbfbdefbfbd3befbfbd,14
z1b36efbfbdefbfbd2a45,13
z1b36efbfbdefbfbd2a45,56
z1b36efbfbdefbfbd2a45,56
zb78e96623bfc11e18195,32
zb78e96623bfc11e18195,57
zb78e96623bfc11e18195,40
z32b61a303ccc11e097c0,41
z32b61a303ccc11e097c0,30
z32b61a303ccc11e097c0,35
zfbb56e7dc26f11e6acec,61
zfbb56e7dc26f11e6acec,41
zfbb56e7dc26f11e6acec,30
ze94ad06e61ad11e0bea1,1
ze94ad06e61ad11e0bea1,13
ze94ad06e61ad11e0bea1,73
za8216ff2734e11e3b8b7,30
za8216ff2734e11e3b8b7,69
zf4f828d061ad11e0bea1,42
zf4f828d061ad11e0bea1,14
zf4f828d061ad11e0bea1,48
zcc008b08962411de83b1,32
zcc008b08962411de83b1,57
zcc008b08962411de83b1,14
z4bdb4552fba411e583e8,30
z4bdb4552fba411e583e8,14
ze49c9defbfbd5911efbf,35
ze49c9defbfbd5911efbf,14
zcc0049c2962411de83b1,42
zcc0049c2962411de83b1,30
zcc0049c2962411de83b1,13
z26630b7e830211e3a705,35
z26630b7e830211e3a705,56
z01856a5271ed4474bfab,35
z01856a5271ed4474bfab,14
zb9c7821e2fce11e38b3f,13
zfcad39ca4fb111e5b5ce,42
zfcad39ca4fb111e5b5ce,73
zfcad39ca4fb111e5b5ce,14
zac6ee606e42349c5b8cc,13
zac6ee606e42349c5b8cc,73
zac6ee606e42349c5b8cc,14
z2e1d1e4a075311e1a046,34
z2e1d1e4a075311e1a046,74
z2e1d1e4a075311e1a046,14
z3f75af0ea88011e5b692,59
z3f75af0ea88011e5b692,69
z6d58635bcc9f11e6b9bb,35
z6d58635bcc9f11e6b9bb,14
zb5ffd5be37cb11e3a705,69
zb5ffd5be37cb11e3a705,35
z70730734efbfbdefbfbd,35
zfb66e63e61ad11e0bea1,61
zfb66e63e61ad11e0bea1,73
zf4ee6f02560411e5b2ad,34
zf4ee6f02560411e5b2ad,14
za3f59c6cd1eb11e4abda,13
za3f59c6cd1eb11e4abda,57
z708636d6ee8811e28b3f,57
z708636d6ee8811e28b3f,12
z16a180aaca9511de97c0,42
z16a180aaca9511de97c0,57
z16a180aaca9511de97c0,14
zcc0071cc962411de83b1,53
zcc0071cc962411de83b1,42
zcc0071cc962411de83b1,48
z9c79ba47592b11e692a0,35
z9c79ba47592b11e692a0,74
za779751c2a0a11e5b2ad,35
zcc000ae8962411de83b1,57
zcc000ae8962411de83b1,40
zcc000ae8962411de83b1,48
zbc354f16e1e811e1b356,57
zbc354f16e1e811e1b356,14
zb8ecdbdc30da11e5b522,34
zb8ecdbdc30da11e5b522,13
zd798937ab29c11e0a046,68
zd798937ab29c11e0a046,41
zd798937ab29c11e0a046,69
zcaa6e1e63da011e69b6d,69
zcaa6e1e63da011e69b6d,74
z99c3310cbdb111e589e3,57
z99c3310cbdb111e589e3,14
z99c3310cbdb111e589e3,40
z59dd4230a93411e0a046,41
z59dd4230a93411e0a046,30
z59dd4230a93411e0a046,69
z5f6aefbfbd7a54efbfbd,59
z5f6aefbfbd7a54efbfbd,73
z5f6aefbfbd7a54efbfbd,14
ze1fef1c06e8d11e29013,61
ze1fef1c06e8d11e29013,13
ze1fef1c06e8d11e29013,73
z14efbfbdefbfbd4eefbf,56
z14efbfbdefbfbd4eefbf,14
z14efbfbdefbfbd4eefbf,12
z58f9fa065ca711e3a705,13
z58f9fa065ca711e3a705,57
z90c925381c3c11e4b8b7,13
z90c925381c3c11e4b8b7,17
z90c925381c3c11e4b8b7,14
z597a3b084aee11e5b5ce,35
z597a3b084aee11e5b5ce,20
z6d6a84ac273f11e4b2ad,56
z6d6a84ac273f11e4b2ad,14
z6d6a84ac273f11e4b2ad,12
zcc000b38962411de83b1,30
zcc000b38962411de83b1,35
zcc000b38962411de83b1,21
z7377efbfbdefbfbd0def,35
z7377efbfbdefbfbd0def,14
z3535892eb7e611e38b3f,41
z3535892eb7e611e38b3f,69
z7402d29d829d4bbabcde,30
z7402d29d829d4bbabcde,35
z7402d29d829d4bbabcde,13
zc0fa4c343a9611e2b16f,56
zc0fa4c343a9611e2b16f,14
zb1d9501d001d4733b199,35
zb1d9501d001d4733b199,14
z5919d68e088b11e3b8b7,30
z5919d68e088b11e3b8b7,56
z5919d68e088b11e3b8b7,14
z99e5120ec3ee40a39d19,42
z99e5120ec3ee40a39d19,57
z99e5120ec3ee40a39d19,14
ze98b9354022b11e29498,13
ze98b9354022b11e29498,57
zbfc12d6602c411e1a046,53
zbfc12d6602c411e1a046,13
zbfc12d6602c411e1a046,57
z40d0542c929311e296da,59
z40d0542c929311e296da,13
z40d0542c929311e296da,48
ze5fc1fcffc134e459768,13
ze5fc1fcffc134e459768,57
ze5fc1fcffc134e459768,14
zad7ce41aab9911e0a046,13
zad7ce41aab9911e0a046,73
zad7ce41aab9911e0a046,40
zefbfbd1bc6b0efbfbd3d,41
zefbfbd1bc6b0efbfbd3d,30
zefbfbd1bc6b0efbfbd3d,35
z22bf8343aa7147b297c1,13
z22bf8343aa7147b297c1,73
z22bf8343aa7147b297c1,14
zefbfbd2747efbfbdefbf,35
zefbfbd2747efbfbdefbf,13
zcc002050962411de83b1,1
zcc002050962411de83b1,41
zcc002050962411de83b1,14
zd6341972f26c11e5b2ad,34
zd6341972f26c11e5b2ad,13
z961bfe7c197d11e5b5ce,41
z961bfe7c197d11e5b5ce,35
z9e10bfa2d36711e4b432,13
z3da69dee21c911e4a705,13
zefa80170d20611e4b432,41
zefa80170d20611e4b432,30
zefa80170d20611e4b432,21
za11d90502f7211e5b522,35
za11d90502f7211e5b522,13
z4faa85cb97924d6ea66d,56
z4faa85cb97924d6ea66d,14
z4faa85cb97924d6ea66d,12
z5163e4f60b4a11e1a046,42
z5163e4f60b4a11e1a046,56
z5163e4f60b4a11e1a046,48
z2e34bdeb31c942e792c8,35
z2e34bdeb31c942e792c8,14
z253defbfbd09efbfbd6c,13
z253defbfbd09efbfbd6c,14
z41d50c16923111e3b8b7,13
z41d50c16923111e3b8b7,73
z41d50c16923111e3b8b7,48
zcc0085f4962411de83b1,41
zcc0085f4962411de83b1,13
zcc0085f4962411de83b1,48
zbeec861dd4a9400fb9c9,35
zbeec861dd4a9400fb9c9,29
zf6440de461ad11e0bea1,42
zf6440de461ad11e0bea1,13
zf6440de461ad11e0bea1,48
zddfa973ca43811e38b3f,42
zddfa973ca43811e38b3f,14
zddfa973ca43811e38b3f,48
zcc007500962411de83b1,13
zcc007500962411de83b1,57
zcc007500962411de83b1,48
z6ddf818a812511e0a046,35
zff4fd22461ad11e0bea1,35
zff4fd22461ad11e0bea1,56
zff4fd22461ad11e0bea1,48
zefbfbd46efbfbd57efbf,61
zefbfbd46efbfbd57efbf,41
zefbfbd46efbfbd57efbf,35
z805b4350844d11e0a046,41
z805b4350844d11e0a046,30
z805b4350844d11e0a046,74
zb9830b5cf0f011e1a19e,61
zb9830b5cf0f011e1a19e,69
z53efbfbdefbfbd1c5fef,41
z53efbfbdefbfbd1c5fef,69
z53efbfbdefbfbd1c5fef,14
z71240fefbfbdefbfbdef,41
z71240fefbfbdefbfbdef,30
z57773a5c1ae911e5b5ce,61
z57773a5c1ae911e5b5ce,73
z0d2fcdb00a1f11e3a705,56
z0d2fcdb00a1f11e3a705,14
zcab74b34013d11e1a046,35
zcab74b34013d11e1a046,57
zcab74b34013d11e1a046,17
z564a780cefbfbdefbfbd,13
z564a780cefbfbdefbfbd,73
z48b9fa4802c111e1a046,53
z48b9fa4802c111e1a046,13
z48b9fa4802c111e1a046,57
zcc002848962411de83b1,61
zcc002848962411de83b1,30
zcc002848962411de83b1,73
z9964a634d2c311e4b432,42
z9964a634d2c311e4b432,56
z9964a634d2c311e4b432,48
z3c5ba918560511e5b432,13
z3c5ba918560511e5b432,56
z0018cfa61eed11e1a046,13
z0018cfa61eed11e1a046,57
z0018cfa61eed11e1a046,58
z346028a59c344cc78149,14
z346028a59c344cc78149,16
zf13dca40051f11e1a046,13
zf13dca40051f11e1a046,57
zf13dca40051f11e1a046,40
zff86b776cf5f11e3b8b7,13
zff86b776cf5f11e3b8b7,57
z1a59efbfbd0defbfbd30,42
z1a59efbfbd0defbfbd30,13
z1a59efbfbd0defbfbd30,56
z7d70efbfbd30efbfbd39,56
z7d70efbfbd30efbfbd39,14
z7d70efbfbd30efbfbd39,12
z507f001ce1d111e1b52a,41
z507f001ce1d111e1b52a,30
z61658ec6aa6311e3a705,61
z61658ec6aa6311e3a705,73
z0b16bbb4aad111e19498,35
z0b16bbb4aad111e19498,74
zee78f96261ad11e0bea1,61
zee78f96261ad11e0bea1,41
zee78f96261ad11e0bea1,30
z84b7478ed76711e4b522,14
z84b7478ed76711e4b522,36
zefbfbd106befbfbdefbf,13
zefbfbd106befbfbdefbf,57
zefbfbd106befbfbdefbf,14
zcc002ca8962411de83b1,30
zcc002ca8962411de83b1,13
zcc002ca8962411de83b1,56
zcc006362962411de83b1,13
zcc006362962411de83b1,57
zcc006362962411de83b1,14
zea96ae0261ad11e0bea1,13
zea96ae0261ad11e0bea1,56
zea96ae0261ad11e0bea1,29
zea96ae0261ad11e0bea1,48
zf27dcf42d2b011e4b692,35
zf27dcf42d2b011e4b692,13
zf27dcf42d2b011e4b692,14
zcc005886962411de83b1,42
zcc005886962411de83b1,13
zcc005886962411de83b1,56
zcc0058d6962411de83b1,13
zcc0058d6962411de83b1,56
zcc0058d6962411de83b1,14
zf0c4fe03c88c43e1908a,13
zf0c4fe03c88c43e1908a,56
zf0c4fe03c88c43e1908a,14
z573204ca24294b1bbc26,30
z573204ca24294b1bbc26,74
z573204ca24294b1bbc26,14
zd0c2e735f2d3446889c8,35
zd0c2e735f2d3446889c8,13
zd0c2e735f2d3446889c8,14
zefbfbd315044efbfbdef,32
zefbfbd315044efbfbdef,13
zefbfbd315044efbfbdef,14
zcc000782962411de83b1,73
zcc000782962411de83b1,14
zcf2190d0fa6d4ea69e5e,42
zcf2190d0fa6d4ea69e5e,13
zcf2190d0fa6d4ea69e5e,14
zac3befea6d0511e2b16f,41
zac3befea6d0511e2b16f,30
z247ce45ed2b311e4abda,61
z247ce45ed2b311e4abda,41
zcc004698962411de83b1,35
zcc004698962411de83b1,54
zcc004698962411de83b1,14
zac4ace1af54d11e59e2a,35
zac4ace1af54d11e59e2a,14
zd4a1c61a5c114a6e89e9,69
zd4a1c61a5c114a6e89e9,35
zd4a1c61a5c114a6e89e9,48
zcc00039a962411de83b1,56
zcc00039a962411de83b1,14
zcc00039a962411de83b1,56
zfff4a7d661ad11e0bea1,35
zfff4a7d661ad11e0bea1,20
z6cc5871f42efbfbd11e7,35
z6cc5871f42efbfbd11e7,14
z6cc5871f42efbfbd11e7,74
zcc00729e962411de83b1,13
zcc00729e962411de83b1,17
zcc00729e962411de83b1,14
zcdbbe43e761511e4b2ad,41
zcdbbe43e761511e4b2ad,34
zcdbbe43e761511e4b2ad,57
ze0f8609a010b11e1a046,53
ze0f8609a010b11e1a046,42
ze0f8609a010b11e1a046,48
zefbfbd58efbfbd6f7311,61
zefbfbd58efbfbd6f7311,57
zefbfbd58efbfbd6f7311,14
z45efbfbd1fefbfbd5bef,59
z45efbfbd1fefbfbd5bef,14
z45efbfbd1fefbfbd5bef,48
zefbfbd751f66efbfbd01,61
zefbfbd751f66efbfbd01,35
z8d9c6c1a853211e19498,14
z8d9c6c1a853211e19498,3
ze5b1e42fa3794e2881f4,68
ze5b1e42fa3794e2881f4,59
ze5b1e42fa3794e2881f4,48
zd6d6050a592a11e692a0,35
zd6d6050a592a11e692a0,74
ze91b287f7ca14d968ae2,68
ze91b287f7ca14d968ae2,12
z08c88ac2d1fc11e4b692,41
z08c88ac2d1fc11e4b692,56
zcdd2de40d2c811e4b2ad,41
zcdd2de40d2c811e4b2ad,30
z4482f3c123534c6692d3,56
z4482f3c123534c6692d3,14
z6a5bd68c3da211e6b432,32
z6a5bd68c3da211e6b432,48
zf4ef960c61ad11e0bea1,35
zf4ef960c61ad11e0bea1,20
z1c02613be2a611e6b9bb,13
z1c02613be2a611e6b9bb,73
z2e94b65f90b64bdab8df,12
zcc007578962411de83b1,13
zcc007578962411de83b1,57
zcc007578962411de83b1,48
z99b98cb86fcf11e0a046,57
z99b98cb86fcf11e0a046,14
zfb7ccac8f0de11e1b2ac,41
zfb7ccac8f0de11e1b2ac,30
zfb7ccac8f0de11e1b2ac,35
z8307a53c0a9711e1a046,42
z8307a53c0a9711e1a046,13
z8307a53c0a9711e1a046,57
z21e664b6b01011e3a705,57
z21e664b6b01011e3a705,14
z21e664b6b01011e3a705,40
z1465e2a602c711e1a046,53
z1465e2a602c711e1a046,13
z1465e2a602c711e1a046,57
zcc007712962411de83b1,30
zcc007712962411de83b1,21
zcc007712962411de83b1,14
z7640efbfbdefbfbd2a44,35
z7640efbfbdefbfbd2a44,3
z038f718ed35e11e49e2a,41
z038f718ed35e11e49e2a,14
zff51b24261ad11e0bea1,41
zff51b24261ad11e0bea1,30
zff51b24261ad11e0bea1,69
z75e6d074125011e1a046,35
z75e6d074125011e1a046,20
z712415662cab4b149550,35
z712415662cab4b149550,14
ze4541dac3dbe11e6abda,13
ze4541dac3dbe11e6abda,48
zd90a9fe2ab9311e0a046,61
zd90a9fe2ab9311e0a046,41
zd90a9fe2ab9311e0a046,73
z92c6dbead1f011e4b522,61
z92c6dbead1f011e4b522,41
zcc0036bc962411de83b1,41
zcc0036bc962411de83b1,30
z3915c650ca8611de97c0,35
z3915c650ca8611de97c0,20
z3915c650ca8611de97c0,17
ze18d679c61ad11e0bea1,41
ze18d679c61ad11e0bea1,69
ze18d679c61ad11e0bea1,35
zc42519fa7eff11e6b32f,41
zc42519fa7eff11e6b32f,73
zba94863ac3a611de97c0,13
zba94863ac3a611de97c0,57
zba94863ac3a611de97c0,48
z518ff562edf1420d9d5c,35
z518ff562edf1420d9d5c,14
zd7a921a224c011e3a705,13
zd7a921a224c011e3a705,57
zf259743061ad11e0bea1,53
zf259743061ad11e0bea1,42
zf259743061ad11e0bea1,57
z97983088a58f11e69c81,61
z97983088a58f11e69c81,14
ze0dac7be363411e38b3f,42
ze0dac7be363411e38b3f,13
z02b49208d20011e4b2ad,61
z02b49208d20011e4b2ad,69
zdcb8064caae411e1b356,35
zdcb8064caae411e1b356,74
zff4e38a661ad11e0bea1,1
zff4e38a661ad11e0bea1,34
zff4e38a661ad11e0bea1,14
zcabcbd5a6eb811e2b2ac,13
zcabcbd5a6eb811e2b2ac,14
ze19329ca61ad11e0bea1,59
ze19329ca61ad11e0bea1,13
ze19329ca61ad11e0bea1,57
z6628c7b6b74511e0a046,35
z6628c7b6b74511e0a046,13
z6628c7b6b74511e0a046,14
z0b0b1fefbfbdefbfbd11,35
z0b0b1fefbfbdefbfbd11,73
z0b0b1fefbfbdefbfbd11,14
ze8a6eaa861ad11e0bea1,35
ze8a6eaa861ad11e0bea1,20
ze8a6eaa861ad11e0bea1,17
zbe6a268cb7e111e3a705,69
zbe6a268cb7e111e3a705,57
z3839b0567f9d11e196ac,57
z3839b0567f9d11e196ac,14
z8a3f5880bebe11e3b8b7,61
z8a3f5880bebe11e3b8b7,69
z49cc584e0cd111e1a046,30
z49cc584e0cd111e1a046,56
z0ba98662579c11e5a080,13
z0ba98662579c11e5a080,57
zb521179c877511e0a046,61
zb521179c877511e0a046,58
zb521179c877511e0a046,48
zbfdf5cccaae511e1b16f,35
zbfdf5cccaae511e1b16f,74
zfc0ebc7e61ad11e0bea1,32
zfc0ebc7e61ad11e0bea1,57
z5e0a97eac77c11de97c0,30
z5e0a97eac77c11de97c0,21
z5e0a97eac77c11de97c0,54
z9c2736e63d9f11e69e2a,69
z9c2736e63d9f11e69e2a,12
z70bdb166e36711e5b2ad,14
zcc001178962411de83b1,61
zcc001178962411de83b1,13
zcc001178962411de83b1,73
z9f95b76a0e6c11e1a046,34
z9f95b76a0e6c11e1a046,13
z9f95b76a0e6c11e1a046,14
za873e573560611e6a148,35
za873e573560611e6a148,74
z74512dfe678a11e38b3f,69
z74512dfe678a11e38b3f,14
z1761ad92f9554849b8e2,69
z1761ad92f9554849b8e2,14
z1761ad92f9554849b8e2,16
z586bec7d6a4e4b01883b,35
z586bec7d6a4e4b01883b,14
z431614e6c34c4be080d3,16
z431614e6c34c4be080d3,48
zcc005bec962411de83b1,69
zcc005bec962411de83b1,16
zcc005bec962411de83b1,48
zcc007e9c962411de83b1,41
zcc007e9c962411de83b1,30
zcc007e9c962411de83b1,14
zfd617ddc61ad11e0bea1,41
zfd617ddc61ad11e0bea1,74
z5ab1c2e8874811e5b432,53
z5ab1c2e8874811e5b432,34
z5ab1c2e8874811e5b432,14
zf44c638861ad11e0bea1,42
zf44c638861ad11e0bea1,56
zf44c638861ad11e0bea1,48
zefbfbd1135efbfbdefbf,57
zefbfbd1135efbfbdefbf,14
zefbfbd1135efbfbdefbf,40
ze3edd2946fb611e0a046,13
ze3edd2946fb611e0a046,14
ze3edd2946fb611e0a046,48
z251cd7c4741111e19194,42
z251cd7c4741111e19194,56
z251cd7c4741111e19194,48
zff19e83a846541dfa9f4,13
zff19e83a846541dfa9f4,73
zff19e83a846541dfa9f4,14
z55a62cd2d00011e29498,30
z55a62cd2d00011e29498,14
z38621a5e569611e5b522,57
z38621a5e569611e5b522,14
z5aea31aba22d4781ae4f,41
z5aea31aba22d4781ae4f,35
zcc000d22962411de83b1,35
zcc000d22962411de83b1,73
zcc000d22962411de83b1,58
zb67ee31b61ec46abaf77,61
zb67ee31b61ec46abaf77,69
zb67ee31b61ec46abaf77,16
z7cc4d59f89e7489ba836,35
z7cc4d59f89e7489ba836,14
zee7964ba61ad11e0bea1,61
zee7964ba61ad11e0bea1,41
zee7964ba61ad11e0bea1,30
ze78f39e8599511df97c0,36
z63efbfbd457854efbfbd,41
z63efbfbd457854efbfbd,30
z63efbfbd457854efbfbd,69
zf8d7dcb661ad11e0bea1,35
zf8d7dcb661ad11e0bea1,20
z4ef464c6bca711e0a046,13
z4ef464c6bca711e0a046,57
z4ef464c6bca711e0a046,48
zfb2f77c4e59911e5b522,32
zfb2f77c4e59911e5b522,57
zfb2f77c4e59911e5b522,40
z756233c6416011e5b5ce,14
ze02c15c6e1d411e1b356,41
ze02c15c6e1d411e1b356,30
ze02c15c6e1d411e1b356,69
zcc0038f6962411de83b1,41
zcc0038f6962411de83b1,30
zcc0038f6962411de83b1,69
z3a2e68d2ac6411e0a046,35
z3a2e68d2ac6411e0a046,13
z3a2e68d2ac6411e0a046,57
zefbfbdf29c9696efbfbd,13
zefbfbdf29c9696efbfbd,57
za311ba20629a11e5b5ce,35
za311ba20629a11e5b5ce,13
zac0ab02ad88911e69e06,30
zac0ab02ad88911e69e06,69
zcc000e9e962411de83b1,41
zcc000e9e962411de83b1,30
zcc000e9e962411de83b1,69
z51d83c6222bb11e48b3f,17
z51d83c6222bb11e48b3f,14
zcc002f0a962411de83b1,61
zcc002f0a962411de83b1,30
zcc002f0a962411de83b1,57
zcc002f0a962411de83b1,21
z2ad10644522111e6ae6f,35
zeeea736cbb9211e6b16e,35
zeeea736cbb9211e6b16e,3
zefbfbd2fefbfbd3defbf,73
zefbfbd2fefbfbd3defbf,74
z7c7c31efbfbdefbfbd11,61
z7c7c31efbfbdefbfbd11,35
zf2028578569811e5b2ad,42
zf2028578569811e5b2ad,61
zf2028578569811e5b2ad,41
z36a330fccf4a11e2be40,35
z36a330fccf4a11e2be40,14
zb4e50ccf83c811e69c81,35
zb4e50ccf83c811e69c81,14
z7201c3d4b8bd11e0a046,41
z7201c3d4b8bd11e0a046,30
z7201c3d4b8bd11e0a046,69
z7201c3d4b8bd11e0a046,14
z30f47a3e1f6e11e38b3f,35
z30f47a3e1f6e11e38b3f,73
zae8ad3aea87d11e5be16,13
zae8ad3aea87d11e5be16,56
zae8ad3aea87d11e5be16,14
z6dc63ade26bb4db1a0cd,35
z6dc63ade26bb4db1a0cd,14
ze9f916d861ad11e0bea1,68
ze9f916d861ad11e0bea1,30
ze9f916d861ad11e0bea1,48
zee7d226261ad11e0bea1,68
zee7d226261ad11e0bea1,13
zee7d226261ad11e0bea1,57
z3d66234e877211e0a046,61
z3d66234e877211e0a046,41
z3d66234e877211e0a046,30
z18693794e78b11de97c0,32
z18693794e78b11de97c0,57
z18693794e78b11de97c0,40
zec493cdc877911e0a046,41
zec493cdc877911e0a046,35
zec493cdc877911e0a046,34
zecffcd9c06bf11e1a046,68
zecffcd9c06bf11e1a046,16
z50c666b840e7458085cd,73
z50c666b840e7458085cd,74
z7cefbfbdefbfbd13efbf,29
z7cefbfbdefbfbd13efbf,14
z7cefbfbdefbfbd13efbf,48
z8ada428acdbb11e3a705,69
z8ada428acdbb11e3a705,13
z1c1ac7d2862e11e296ac,61
z1c1ac7d2862e11e296ac,30
z1c1ac7d2862e11e296ac,35
z143b4e077fa111e69e06,35
z143b4e077fa111e69e06,29
z1b13b230938f11e3a705,30
z1b13b230938f11e3a705,69
z9c6298dcfb2b4e88b726,35
z9c6298dcfb2b4e88b726,3
z254eb5fc524d11e3b8b7,41
z254eb5fc524d11e3b8b7,14
ze0bc56c03f8d11e6b432,13
ze0bc56c03f8d11e6b432,73
z698d6ccc1aec11e5b692,41
z698d6ccc1aec11e5b692,69
z89ac6ba01f6e11e38b3f,35
z89ac6ba01f6e11e38b3f,73
z0857bd5205d011e1a046,13
z0857bd5205d011e1a046,57
zcc005d2c962411de83b1,32
zcc005d2c962411de83b1,30
zcc005d2c962411de83b1,13
zcc005d2c962411de83b1,57
zcc005d2c962411de83b1,20
zcc005d2c962411de83b1,14
zcc002dca962411de83b1,61
zcc002dca962411de83b1,35
zcc002dca962411de83b1,21
zaf70d3dc8d2311e19013,48
z4aefbfbdefbfbd54efbf,32
z4aefbfbdefbfbd54efbf,13
zfd04eae2e6a211e1b2ac,13
zfd04eae2e6a211e1b2ac,57
zefbfbdd38befbfbdefbf,41
zefbfbdd38befbfbdefbf,56
zefbfbdd38befbfbdefbf,14
z2b3198dba4224afeb63c,35
z2b3198dba4224afeb63c,14
zcc008cf2962411de83b1,42
zcc008cf2962411de83b1,13
zcc008cf2962411de83b1,57
zd151bd4ecfe511e2b16f,30
zd151bd4ecfe511e2b16f,69
zfe01020e970e11e4b432,56
zfe01020e970e11e4b432,14
zfe01020e970e11e4b432,12
zcc007dac962411de83b1,56
zcc007dac962411de83b1,14
z4e8d0932857a11e29498,56
z4e8d0932857a11e29498,48
z41f367f4d35f11e4b522,61
z41f367f4d35f11e4b522,41
zf33e2e705bd111e2b356,56
zf33e2e705bd111e2b356,14
zf33e2e705bd111e2b356,12
zcc005412962411de83b1,42
zcc005412962411de83b1,13
zcc005412962411de83b1,73
zcc0031ee962411de83b1,30
zcc0031ee962411de83b1,69
zcc0031ee962411de83b1,14
z3acddde875cc11e3b8b7,56
z3acddde875cc11e3b8b7,14
z3acddde875cc11e3b8b7,12
z455cc78822ba11e48b3f,35
z33dae4eab68411e0a046,56
z33dae4eab68411e0a046,14
z33dae4eab68411e0a046,12
z4b60de5e3ebd11e2b16f,56
z4b60de5e3ebd11e2b16f,14
z4b60de5e3ebd11e2b16f,12
z1004ca6cb23b11e38b3f,56
z1004ca6cb23b11e38b3f,14
z1004ca6cb23b11e38b3f,12
zdf8aac303e7411e69b6d,13
zdf8aac303e7411e69b6d,74
z3dd582c6b82c11e0a046,53
z3dd582c6b82c11e0a046,42
z3dd582c6b82c11e0a046,57
zcc0012c2962411de83b1,42
zcc0012c2962411de83b1,13
zcc0012c2962411de83b1,48
z2cac6cc0aad011e1b2ac,35
z2cac6cc0aad011e1b2ac,74
zd14f951ca84d11e5b2ad,41
zd14f951ca84d11e5b2ad,69
zfcbb60c861ad11e0bea1,35
zfcbb60c861ad11e0bea1,3
z1937efbfbdc7a1efbfbd,35
z1937efbfbdc7a1efbfbd,14
z44023e58012b11e1a046,59
z44023e58012b11e1a046,13
z44023e58012b11e1a046,48
za906d23cb68511e0a046,56
za906d23cb68511e0a046,14
za906d23cb68511e0a046,12
z63ae124ac6a011e296ac,68
z63ae124ac6a011e296ac,59
z63ae124ac6a011e296ac,41
zfb674268b68b11e0a046,56
zfb674268b68b11e0a046,14
zfb674268b68b11e0a046,12
z2ded45c6b68111e0a046,56
z2ded45c6b68111e0a046,14
z2ded45c6b68111e0a046,12
z78f8d6e8bf7f11de97c0,17
z78f8d6e8bf7f11de97c0,14
zcc004d50962411de83b1,42
zcc004d50962411de83b1,35
zcc004d50962411de83b1,48
zcc0004ee962411de83b1,34
zcc0004ee962411de83b1,17
zcc0004ee962411de83b1,14
zef22437861ad11e0bea1,1
zef22437861ad11e0bea1,34
zef22437861ad11e0bea1,14
zcc005b1a962411de83b1,68
zcc005b1a962411de83b1,14
zcc005b1a962411de83b1,48
zb7b121c8b0e711e0a046,14
zb7b121c8b0e711e0a046,48
ze9eee4e261ad11e0bea1,57
ze9eee4e261ad11e0bea1,14
ze9eee4e261ad11e0bea1,40
z362eb6b6b3ce4d1e8402,53
z362eb6b6b3ce4d1e8402,57
z6e7ec73857014aca8d26,14
z6e7ec73857014aca8d26,12
z09b858009cc14850b246,13
z09b858009cc14850b246,58
z09b858009cc14850b246,12
z3c6b9164397044989b70,69
z3c6b9164397044989b70,35
zefbfbdefbfbd4e20efbf,61
zefbfbdefbfbd4e20efbf,13
zefbfbdefbfbd4e20efbf,14
zefbfbd5742600d7311ef,61
zefbfbd5742600d7311ef,57
zefbfbd5742600d7311ef,14
z0028141ea8f64ac0970e,42
z0028141ea8f64ac0970e,14
z8f77a42ed7d411e69c81,35
z8f77a42ed7d411e69c81,14
z4a2d0470aae511e1a19e,35
z4a2d0470aae511e1a19e,74
zf9733d54d20211e4b522,41
zf9733d54d20211e4b522,14
z99ed8bb489cb11e18a7d,14
z99ed8bb489cb11e18a7d,74
z73efbfbdefbfbd16efbf,56
z73efbfbdefbfbd16efbf,14
za47583e06f3511e5b0dc,56
za47583e06f3511e5b0dc,14
za47583e06f3511e5b0dc,12
zcc008220962411de83b1,13
zcc008220962411de83b1,57
zcc001cfe962411de83b1,13
zcc001cfe962411de83b1,14
zcc001cfe962411de83b1,12
z4bd3dc0ea92411e0a046,1
z4bd3dc0ea92411e0a046,14
z3dd5c77cde5311de97c0,61
z3dd5c77cde5311de97c0,30
zf036444a1f6e11e3a705,35
zf036444a1f6e11e3a705,73
ze3d9fa87592b11e6b16e,35
ze3d9fa87592b11e6b16e,74
z2925efbfbd0fefbfbd6f,29
z2925efbfbd0fefbfbd6f,14
z2925efbfbd0fefbfbd6f,48
z47ba036c7b8411e2b2ac,42
z47ba036c7b8411e2b2ac,57
z47ba036c7b8411e2b2ac,14
z86397bda41534128a938,61
z86397bda41534128a938,73
z624ad889092841978874,3
zfaedb5a4a86911e5be16,14
z4b5c40efbfbdefbfbd6c,29
z4b5c40efbfbdefbfbd6c,14
z4b5c40efbfbdefbfbd6c,48
zfdf10bd0a7a011e0a046,35
zfdf10bd0a7a011e0a046,14
zf1110e8061ad11e0bea1,56
zf1110e8061ad11e0bea1,14
zf1110e8061ad11e0bea1,12
zddb49b8acdc211e29498,56
zddb49b8acdc211e29498,14
zddb49b8acdc211e29498,12
z9eca11b0c88411e0a046,13
z9eca11b0c88411e0a046,73
z3eefbfbdd1b8efbfbd76,13
z3eefbfbdd1b8efbfbd76,14
z05202e5b111911efbfbd,41
z05202e5b111911efbfbd,56
zcc002384962411de83b1,59
zcc002384962411de83b1,16
zcc002384962411de83b1,48
z07eafefab68511e0a046,56
z07eafefab68511e0a046,14
z07eafefab68511e0a046,12
z1038efbfbd2fefbfbdef,34
z1038efbfbd2fefbfbdef,13
z1038efbfbd2fefbfbdef,73
z32d0a57cfd754f6d9858,52
z32d0a57cfd754f6d9858,12
zcc008036962411de83b1,35
zcc008036962411de83b1,13
zcc008036962411de83b1,73
z7d04ee48fa7b11e3b8b7,13
z7d04ee48fa7b11e3b8b7,57
z983ead18b8e111e0a046,61
z983ead18b8e111e0a046,73
zed32838e61ad11e0bea1,13
zed32838e61ad11e0bea1,56
zed32838e61ad11e0bea1,58
zf1caa8cc3f4611e29498,13
zf1caa8cc3f4611e29498,73
zf1caa8cc3f4611e29498,14
z34f67efc592c11e6b32f,35
z34f67efc592c11e6b32f,74
z6e4d3480403811e3a705,56
z6e4d3480403811e3a705,14
z6e4d3480403811e3a705,12
z88f5ac4689d211e0a046,59
z88f5ac4689d211e0a046,13
z88f5ac4689d211e0a046,73
zcc0016be962411de83b1,32
zcc0016be962411de83b1,13
zcc0016be962411de83b1,56
z645182f6013311e1a046,42
zecc51c99e1be4a579ba4,57
zecc51c99e1be4a579ba4,14
zecc51c99e1be4a579ba4,48
zcc003428962411de83b1,30
zcc003428962411de83b1,14
z76a69f6aa18511e296ac,12
z0236c6c2aad311e19013,35
z0236c6c2aad311e19013,74
z7beef0708842420392aa,13
z7beef0708842420392aa,73
z6051c0727f9e11e6b9bb,35
z6051c0727f9e11e6b9bb,13
z5e76e22ea50d11e3b8b7,42
z5e76e22ea50d11e3b8b7,13
z5e76e22ea50d11e3b8b7,48
zfb67cc8e61ad11e0bea1,13
zfb67cc8e61ad11e0bea1,57
zfb67cc8e61ad11e0bea1,48
z33ccead4b81911e0a046,41
z33ccead4b81911e0a046,57
z65371e76cd1b11e4b522,30
z65371e76cd1b11e4b522,74
z1cefbfbdd18acd9911ef,35
z1cefbfbdd18acd9911ef,14
z63efbfbdefbfbd1eefbf,41
z63efbfbdefbfbd1eefbf,69
z63efbfbdefbfbd1eefbf,35
zb3708ea8f49b11e0a046,35
zb3708ea8f49b11e0a046,13
zb3708ea8f49b11e0a046,48
ze9dc9ec6cf5211e2b16f,35
ze9dc9ec6cf5211e2b16f,14
zcd28c1101f0911e1a046,56
zcd28c1101f0911e1a046,14
zcd28c1101f0911e1a046,12
z38b4dcb4aae411e1b2ac,35
z38b4dcb4aae411e1b2ac,74
zcc00166e962411de83b1,32
zcc00166e962411de83b1,14
zcc00166e962411de83b1,48
z4de5382e9cbf46f9984d,53
z4de5382e9cbf46f9984d,12
z7b54c26cb44c11e0a046,30
z7b54c26cb44c11e0a046,69
z7b54c26cb44c11e0a046,74
zcc00638a962411de83b1,41
zcc00638a962411de83b1,34
zcc00638a962411de83b1,14
z084befbfbdefbfbd28ef,56
z084befbfbdefbfbd28ef,14
z14e9b1caaacf11e19013,35
z14e9b1caaacf11e19013,74
zcc003cfc962411de83b1,34
zcc003cfc962411de83b1,13
zcc003cfc962411de83b1,14
zcc005a98962411de83b1,68
zcc005a98962411de83b1,14
zcc005a98962411de83b1,48
zfbdacc440e4b11e5b432,35
zfbdacc440e4b11e5b432,13
z35a5a9dabae211de97c0,14
z6b70b5e29f1911e5b522,35
z6b70b5e29f1911e5b522,14
z2768f202012411e1a046,53
z2768f202012411e1a046,42
z2768f202012411e1a046,57
z480218fab73611e0a046,35
z480218fab73611e0a046,13
z480218fab73611e0a046,14
z3f3c69e0d37b11e4b692,42
z3f3c69e0d37b11e4b692,13
z48efbfbd5defbfbdefbf,35
z5a12ceb2cf2c11e69e06,14
zff4f768a61ad11e0bea1,59
zff4f768a61ad11e0bea1,13
zff4f768a61ad11e0bea1,48
zcc008522962411de83b1,57
zcc008522962411de83b1,40
zcc008522962411de83b1,48
zb21006de6afa463ca2e6,41
zb21006de6afa463ca2e6,35
z5c952f76a0ca11e299f6,53
z5c952f76a0ca11e299f6,13
z5c952f76a0ca11e299f6,57
zac807426248b4f689137,13
zac807426248b4f689137,14
zac807426248b4f689137,56
z20ec0115cf6d4e5ab5e1,56
z20ec0115cf6d4e5ab5e1,14
z20ec0115cf6d4e5ab5e1,12
z443cfa32aade11e59e2a,13
z443cfa32aade11e59e2a,73
z443cfa32aade11e59e2a,48
zc9b2f1283cd611e6abda,61
zc9b2f1283cd611e6abda,69
zf1383130bbf94f65a468,56
zf1383130bbf94f65a468,14
zf1383130bbf94f65a468,12
zdd8a5cfaf31f11e0a046,17
zdd8a5cfaf31f11e0a046,36
zfc13888a61ad11e0bea1,41
zfc13888a61ad11e0bea1,13
zfc13888a61ad11e0bea1,73
zcc005250962411de83b1,68
zcc005250962411de83b1,42
zcc005250962411de83b1,48
zf97ef74461ad11e0bea1,69
zf97ef74461ad11e0bea1,14
zcdc3b64c3d7011e4abda,68
zcdc3b64c3d7011e4abda,41
z616d45efbfbdefbfbdef,41
z616d45efbfbdefbfbdef,56
z616d45efbfbdefbfbdef,14
z025a041ead444cad8b64,35
z025a041ead444cad8b64,14
z7043b282362e11e3a705,41
z7043b282362e11e3a705,56
z7043b282362e11e3a705,14
z2c9c7552acd811e38b3f,13
z2c9c7552acd811e38b3f,54
z2c9c7552acd811e38b3f,14
z1768f2dceb0e4e5cb485,3
z7cab7810aad011e1a19e,35
z7cab7810aad011e1a19e,74
zcaf8968aaace11e1b52a,35
zcaf8968aaace11e1b52a,74
ze8fe91fa653c11e3a705,13
ze8fe91fa653c11e3a705,56
ze8fe91fa653c11e3a705,14
z3be0bdf6e6cd42a7a4bc,35
z3be0bdf6e6cd42a7a4bc,14
z90c91620aad211e1a19e,35
z90c91620aad211e1a19e,74
zefbfbd796b20efbfbd5d,41
zefbfbd796b20efbfbd5d,35
zdaf240e092e911e38b3f,59
z709045f8aac911e19498,35
z709045f8aac911e19498,74
zc98c3df0aad411e1b52a,35
zc98c3df0aad411e1b52a,74
z857ec0ceaacf11e1b356,35
z857ec0ceaacf11e1b356,74
z80e45de6fa1111e4abda,35
z80e45de6fa1111e4abda,13
zf5c1992ab8f311e0a046,53
zf5c1992ab8f311e0a046,42
zf5c1992ab8f311e0a046,57
z3299b0d0aaca11e196ac,35
z3299b0d0aaca11e196ac,74
z4dbc9c25e2bf11e6acec,13
z4dbc9c25e2bf11e6acec,73
z3acea77735904b2296ad,68
z3acea77735904b2296ad,59
z3acea77735904b2296ad,41
zcc00087c962411de83b1,41
zcc00087c962411de83b1,35
zcc00087c962411de83b1,48
zcb6fee44b8f111e0a046,53
zcb6fee44b8f111e0a046,42
zcb6fee44b8f111e0a046,57
zf97cfbc461ad11e0bea1,56
zf97cfbc461ad11e0bea1,14
zf97cfbc461ad11e0bea1,12
zcc000df4962411de83b1,41
zcc000df4962411de83b1,30
zcc000df4962411de83b1,69
z8c2ed5803dbe11e69c81,32
z8c2ed5803dbe11e69c81,13
zcc008a40962411de83b1,61
zcc008a40962411de83b1,41
zcc008a40962411de83b1,73
zf1109a9061ad11e0bea1,56
zf1109a9061ad11e0bea1,14
zf1109a9061ad11e0bea1,12
zcc001f56962411de83b1,42
zcc001f56962411de83b1,32
zcc001f56962411de83b1,56
zcc001f56962411de83b1,14
z471bda4ef0e111e1b52a,30
z471bda4ef0e111e1b52a,35
z471bda4ef0e111e1b52a,21
z6d7c7cd82c1e46bdb213,12
z1911efbfbd5fefbfbdef,29
z1911efbfbd5fefbfbdef,17
zd6803c5c741811e18195,57
z4852efbfbd09efbfbd36,17
z4852efbfbd09efbfbd36,14
z4852efbfbd09efbfbd36,48
z5966e8d722d040e9a803,41
z5966e8d722d040e9a803,35
z5966e8d722d040e9a803,14
zabdad994036111e1a046,69
zabdad994036111e1a046,14
zf6056b0288004a45997d,13
zf6056b0288004a45997d,14
zf6056b0288004a45997d,56
zefccb70e61ad11e0bea1,30
zefccb70e61ad11e0bea1,35
zefccb70e61ad11e0bea1,21
zf642d1cc61ad11e0bea1,68
zf642d1cc61ad11e0bea1,14
z38e6b20673304b02b446,53
z636ecefab40011e0a046,30
z636ecefab40011e0a046,35
z636ecefab40011e0a046,57
z851f4dbcd29811e4b692,13
z851f4dbcd29811e4b692,14
z2dd81e42599611df97c0,36
z573b06efbfbdd8a311ef,69
z573b06efbfbdd8a311ef,35
z7018d832a5c711df97c0,35
zd87f160ea5c511df97c0,35
zefbfbd211d3cd2b611ef,30
zefbfbd211d3cd2b611ef,69
zefbfbd211d3cd2b611ef,14
ze4cdb5d42ea811e5b692,42
ze4cdb5d42ea811e5b692,57
ze4cdb5d42ea811e5b692,48
zfb8ae1fe0cd111e1a046,41
zfb8ae1fe0cd111e1a046,69
zfb8ae1fe0cd111e1a046,35
zfe045ae861ad11e0bea1,30
zfe045ae861ad11e0bea1,13
zfe045ae861ad11e0bea1,14
zf7651dc2599c11e4b522,32
zf7651dc2599c11e4b522,73
zc8f95574aeb011e0a046,30
zc8f95574aeb011e0a046,14
z9bc613a23a7f11e69e2a,13
z9bc613a23a7f11e69e2a,14
z512b173442e711e4b522,36
z1141e6f84ace11e59e2a,13
z1141e6f84ace11e59e2a,56
z1141e6f84ace11e59e2a,48
z331323629bcd11e2b16f,14
z331323629bcd11e2b16f,56
z11715fe88a9511e1b356,14
z24da262ce4dd11e5b432,13
z24da262ce4dd11e5b432,14
z5f0ab5a878c311e69e06,35
z5f0ab5a878c311e69e06,13
z5f0ab5a878c311e69e06,16
z108541988a8c11e1b2ac,30
z108541988a8c11e1b2ac,35
z108541988a8c11e1b2ac,14
zcc000c5a962411de83b1,61
zcc000c5a962411de83b1,30
zcc000c5a962411de83b1,57
z8bd54d70075611e1a046,34
z8bd54d70075611e1a046,74
z8bd54d70075611e1a046,14
z65780be08fc511e4b522,13
z65780be08fc511e4b522,56
z65780be08fc511e4b522,16
zfac6984661ad11e0bea1,41
zfac6984661ad11e0bea1,35
zfac6984661ad11e0bea1,13
z707d53f6a5c811df97c0,35
z2317cca2795811e6bdbb,35
z2317cca2795811e6bdbb,14
z332c2bfac77d11de97c0,13
z332c2bfac77d11de97c0,14
z332c2bfac77d11de97c0,48
zeb468cbc1f5d11e3a705,35
zeb468cbc1f5d11e3a705,73
zcc0046c0962411de83b1,35
zcc0046c0962411de83b1,54
zcc0046c0962411de83b1,14
z6730efbfbd34efbfbd49,42
z6730efbfbd34efbfbd49,69
z6730efbfbd34efbfbd49,13
z6730efbfbd34efbfbd49,14
z6730efbfbd34efbfbd49,16
z6730efbfbd34efbfbd49,48
zefbfbd4d0f69efbfbdef,30
zefbfbd4d0f69efbfbdef,35
zefbfbd4d0f69efbfbdef,16
zefbfbd4d0f69efbfbdef,48
z3c3923876d954a749cde,30
zefbfbd6713efbfbdefbf,32
zefbfbd6713efbfbdefbf,13
zefbfbd6713efbfbdefbf,14
z7452570ee61647b8854b,30
z7452570ee61647b8854b,35
zb7c61755c49d4c3bac3b,56
zb7c61755c49d4c3bac3b,48
zc14cdbcdd5ea4405b61c,30
zc14cdbcdd5ea4405b61c,12
zb505df2cb2ae11e0a046,68
zb505df2cb2ae11e0a046,59
zb505df2cb2ae11e0a046,48
z8e4e3f539573433dbcdc,56
z8e4e3f539573433dbcdc,48
zcc003bb2962411de83b1,42
zcc003bb2962411de83b1,56
zcc003bb2962411de83b1,14
zcc000732962411de83b1,73
zcc000732962411de83b1,14
z53bb422602a14473ae69,42
z53bb422602a14473ae69,13
z53bb422602a14473ae69,14
z3af13ee4109711df97c0,56
z3af13ee4109711df97c0,14
z3af13ee4109711df97c0,12
zcc00066a962411de83b1,30
zcc00066a962411de83b1,13
zcc00066a962411de83b1,73
zf82cfb5261ad11e0bea1,30
zf82cfb5261ad11e0bea1,17
zf82cfb5261ad11e0bea1,14
z5054d65eea0b4ba0baae,30
z43cd2875fadb433b8004,56
z43cd2875fadb433b8004,48
zc29de2522cde4aa59415,30
zed3d15b2ab7511e0a046,56
zed3d15b2ab7511e0a046,14
zcc001d26962411de83b1,59
zcc001d26962411de83b1,48
z24efbfbd0e1f60efbfbd,14
z24efbfbd0e1f60efbfbd,16
z24efbfbd0e1f60efbfbd,48
zcc000bb0962411de83b1,30
zcc000bb0962411de83b1,69
zcc000bb0962411de83b1,35
z72efbfbd3fefbfbdefbf,16
z72efbfbd3fefbfbdefbf,48
zedc6e8528cf84a46b09a,68
zedc6e8528cf84a46b09a,59
zedc6e8528cf84a46b09a,16
zedc6e8528cf84a46b09a,48
zc85ff568ce1911e0a046,56
zc85ff568ce1911e0a046,14
zc85ff568ce1911e0a046,12
zf448df9c61ad11e0bea1,35
z3073efbfbd0804efbfbd,73
z3073efbfbd0804efbfbd,48
z498c224cf7b411e59e2a,41
z498c224cf7b411e59e2a,56
ze4e6b437e16746fa82f8,59
ze4e6b437e16746fa82f8,14
